date,variable,value,value01
7/1/1967,pce,506.7,0
8/1/1967,pce,509.8,0.00026525
9/1/1967,pce,515.6,0.000761523
10/1/1967,pce,512.2,0.000470604
11/1/1967,pce,517.4,0.000915539
12/1/1967,pce,525.1,0.001574385
1/1/1968,pce,530.9,0.002070659
2/1/1968,pce,533.6,0.002301683
3/1/1968,pce,544.3,0.003217222
4/1/1968,pce,544,0.003191553
5/1/1968,pce,549.8,0.003687827
6/1/1968,pce,556.3,0.004243996
7/1/1968,pce,563.2,0.00483439
8/1/1968,pce,567,0.005159535
9/1/1968,pce,568.2,0.005262212
10/1/1968,pce,571.6,0.005553131
11/1/1968,pce,576.7,0.00598951
12/1/1968,pce,576.5,0.005972397
1/1/1969,pce,583.5,0.006571348
2/1/1969,pce,588.7,0.007016283
3/1/1969,pce,588.9,0.007033396
4/1/1969,pce,593.9,0.007461218
5/1/1969,pce,600.3,0.00800883
6/1/1969,pce,600.9,0.008060169
7/1/1969,pce,602.7,0.008214185
8/1/1969,pce,609.9,0.008830249
9/1/1969,pce,613.2,0.009112611
10/1/1969,pce,618.5,0.009566103
11/1/1969,pce,620.5,0.009737232
12/1/1969,pce,622.8,0.00993403
1/1/1970,pce,628.7,0.01043886
2/1/1970,pce,634,0.010892351
3/1/1970,pce,632.3,0.010746892
4/1/1970,pce,636,0.01106348
5/1/1970,pce,642.4,0.011611093
6/1/1970,pce,646.3,0.011944794
7/1/1970,pce,648.5,0.012133036
8/1/1970,pce,652.9,0.012509519
9/1/1970,pce,659.1,0.013040018
10/1/1970,pce,658.3,0.012971567
11/1/1970,pce,656.6,0.012826107
12/1/1970,pce,665.6,0.013596187
1/1/1971,pce,676.1,0.014494614
2/1/1971,pce,679.4,0.014776976
3/1/1971,pce,682,0.014999444
4/1/1971,pce,688.8,0.015581282
5/1/1971,pce,691.1,0.01577808
6/1/1971,pce,699.8,0.016522491
7/1/1971,pce,698.9,0.016445483
8/1/1971,pce,704.9,0.016958869
9/1/1971,pce,713,0.017651941
10/1/1971,pce,715.8,0.017891521
11/1/1971,pce,720.9,0.0183279
12/1/1971,pce,728.4,0.018969633
1/1/1972,pce,731.5,0.019234883
2/1/1972,pce,736.2,0.019637036
3/1/1972,pce,749.2,0.020749373
4/1/1972,pce,752.5,0.021031736
5/1/1972,pce,758,0.02150234
6/1/1972,pce,761.6,0.021810372
7/1/1972,pce,769.9,0.022520557
8/1/1972,pce,776.3,0.023068169
9/1/1972,pce,781.1,0.023478878
10/1/1972,pce,794.9,0.024659667
11/1/1972,pce,800.5,0.025138828
12/1/1972,pce,806.1,0.025617989
1/1/1973,pce,816.5,0.026507859
2/1/1973,pce,825.8,0.027303608
3/1/1973,pce,832.8,0.027902559
4/1/1973,pce,835.7,0.028150696
5/1/1973,pce,841.6,0.028655526
6/1/1973,pce,844.3,0.02888655
7/1/1973,pce,854.1,0.029725082
8/1/1973,pce,853.3,0.02965663
9/1/1973,pce,869.2,0.031017104
10/1/1973,pce,868.2,0.03093154
11/1/1973,pce,876.9,0.03167595
12/1/1973,pce,876.6,0.031650281
1/1/1974,pce,884.5,0.03232624
2/1/1974,pce,889.7,0.032771175
3/1/1974,pce,901.4,0.033772279
4/1/1974,pce,910.8,0.034576584
5/1/1974,pce,922.4,0.035569132
6/1/1974,pce,928,0.036048293
7/1/1974,pce,937.9,0.03689538
8/1/1974,pce,954.8,0.038341419
9/1/1974,pce,955.1,0.038367088
10/1/1974,pce,959.2,0.038717903
11/1/1974,pce,956.2,0.038461209
12/1/1974,pce,961.8,0.03894037
1/1/1975,pce,975.6,0.040121159
2/1/1975,pce,989.4,0.041301948
3/1/1975,pce,990.6,0.041404626
4/1/1975,pce,995,0.041781109
5/1/1975,pce,1018.9,0.043826099
6/1/1975,pce,1026.8,0.044502058
7/1/1975,pce,1039.8,0.045614395
8/1/1975,pce,1047,0.046230459
9/1/1975,pce,1054.8,0.046897862
10/1/1975,pce,1060.9,0.047419805
11/1/1975,pce,1075.8,0.048694715
12/1/1975,pce,1092.1,0.050089415
1/1/1976,pce,1107.1,0.051372881
2/1/1976,pce,1107.7,0.05142422
3/1/1976,pce,1114.9,0.052040284
4/1/1976,pce,1125.4,0.05293871
5/1/1976,pce,1122.7,0.052707686
6/1/1976,pce,1140.5,0.054230733
7/1/1976,pce,1149.6,0.055009369
8/1/1976,pce,1158,0.05572811
9/1/1976,pce,1168.8,0.056652206
10/1/1976,pce,1176.8,0.057336722
11/1/1976,pce,1189,0.058380608
12/1/1976,pce,1211.5,0.060305807
1/1/1977,pce,1215,0.060605283
2/1/1977,pce,1231.3,0.061999983
3/1/1977,pce,1238.3,0.062598934
4/1/1977,pce,1247.3,0.063369014
5/1/1977,pce,1257.1,0.064207545
6/1/1977,pce,1263.6,0.064763714
7/1/1977,pce,1280.5,0.066209753
8/1/1977,pce,1285.7,0.066654688
9/1/1977,pce,1294.5,0.067407655
10/1/1977,pce,1311.4,0.068853693
11/1/1977,pce,1327,0.070188498
12/1/1977,pce,1336,0.070958578
1/1/1978,pce,1329.5,0.070402409
2/1/1978,pce,1355.1,0.072592859
3/1/1978,pce,1377.5,0.074509502
4/1/1978,pce,1396.4,0.07612667
5/1/1978,pce,1412,0.077461475
6/1/1978,pce,1425.8,0.078642264
7/1/1978,pce,1426.8,0.078727828
8/1/1978,pce,1447,0.08045623
9/1/1978,pce,1452.9,0.08096106
10/1/1978,pce,1466.9,0.082158962
11/1/1978,pce,1480.6,0.083331194
12/1/1978,pce,1496.5,0.084691669
1/1/1979,pce,1502.4,0.085196499
2/1/1979,pce,1517.8,0.086514191
3/1/1979,pce,1531.2,0.087660754
4/1/1979,pce,1538.4,0.088276818
5/1/1979,pce,1558.8,0.090022332
6/1/1979,pce,1575.7,0.091468371
7/1/1979,pce,1586.1,0.092358241
8/1/1979,pce,1615.6,0.094882392
9/1/1979,pce,1633.9,0.096448221
10/1/1979,pce,1641.6,0.097107067
11/1/1979,pce,1657.3,0.098450428
12/1/1979,pce,1666.3,0.099220508
1/1/1980,pce,1697.3,0.101873005
2/1/1980,pce,1701.4,0.102223819
3/1/1980,pce,1708.2,0.102805658
4/1/1980,pce,1695.2,0.10169332
5/1/1980,pce,1700.1,0.102112586
6/1/1980,pce,1718.8,0.10371264
7/1/1980,pce,1747.1,0.106134114
8/1/1980,pce,1763.8,0.10756304
9/1/1980,pce,1780.5,0.108991966
10/1/1980,pce,1817.1,0.112123623
11/1/1980,pce,1826.8,0.112953598
12/1/1980,pce,1851.7,0.115084153
1/1/1981,pce,1870,0.116649982
2/1/1981,pce,1884.2,0.117864996
3/1/1981,pce,1902.9,0.119465051
4/1/1981,pce,1904.4,0.119593398
5/1/1981,pce,1913.8,0.120397703
6/1/1981,pce,1934.5,0.122168887
7/1/1981,pce,1942.1,0.122819177
8/1/1981,pce,1966.6,0.124915505
9/1/1981,pce,1965.5,0.124821384
10/1/1981,pce,1963.9,0.124684481
11/1/1981,pce,1970.6,0.125257763
12/1/1981,pce,1988.8,0.126815035
1/1/1982,pce,1997.1,0.12752522
2/1/1982,pce,2021.2,0.129587323
3/1/1982,pce,2024.1,0.12983546
4/1/1982,pce,2026.3,0.130023701
5/1/1982,pce,2044.5,0.131580974
6/1/1982,pce,2048.1,0.131889006
7/1/1982,pce,2072.2,0.133951108
8/1/1982,pce,2080.1,0.134627067
9/1/1982,pce,2104.6,0.136723396
10/1/1982,pce,2125.8,0.138537362
11/1/1982,pce,2149.3,0.140548126
12/1/1982,pce,2161.6,0.141600568
1/1/1983,pce,2174,0.142661567
2/1/1983,pce,2177,0.14291826
3/1/1983,pce,2202.8,0.145125822
4/1/1983,pce,2226.4,0.147145143
5/1/1983,pce,2245.9,0.148813649
6/1/1983,pce,2276,0.151389138
7/1/1983,pce,2304.4,0.153819168
8/1/1983,pce,2320.4,0.155188199
9/1/1983,pce,2334.9,0.156428883
10/1/1983,pce,2357.6,0.158371196
11/1/1983,pce,2366.3,0.159115606
12/1/1983,pce,2393.6,0.161451515
1/1/1984,pce,2419.4,0.163659077
2/1/1984,pce,2403.5,0.162298603
3/1/1984,pce,2431.6,0.164702963
4/1/1984,pce,2457.5,0.166919082
5/1/1984,pce,2474.5,0.168373677
6/1/1984,pce,2495.6,0.170179086
7/1/1984,pce,2494.6,0.170093522
8/1/1984,pce,2512.2,0.171599456
9/1/1984,pce,2533.8,0.173447647
10/1/1984,pce,2531.3,0.173233736
11/1/1984,pce,2571.4,0.17666487
12/1/1984,pce,2582.6,0.177623191
1/1/1985,pce,2618.8,0.180720624
2/1/1985,pce,2640.8,0.182603041
3/1/1985,pce,2648.5,0.183261887
4/1/1985,pce,2659.5,0.184203096
5/1/1985,pce,2696.4,0.187360423
6/1/1985,pce,2689.4,0.186761472
7/1/1985,pce,2715.7,0.189011816
8/1/1985,pce,2752.1,0.192126362
9/1/1985,pce,2794.7,0.195771406
10/1/1985,pce,2755.8,0.19244295
11/1/1985,pce,2771.1,0.193752086
12/1/1985,pce,2811.3,0.197191776
1/1/1986,pce,2827.1,0.198543693
2/1/1986,pce,2820.2,0.197953299
3/1/1986,pce,2823.6,0.198244218
4/1/1986,pce,2835.2,0.199236765
5/1/1986,pce,2857.5,0.201144852
6/1/1986,pce,2861.7,0.201504223
7/1/1986,pce,2881.2,0.203172729
8/1/1986,pce,2898.6,0.20466155
9/1/1986,pce,2971.8,0.210924866
10/1/1986,pce,2932.9,0.20759641
11/1/1986,pce,2928.4,0.20721137
12/1/1986,pce,2997.1,0.213089646
1/1/1987,pce,2935.5,0.207818877
2/1/1987,pce,3001.7,0.213483242
3/1/1987,pce,3013.3,0.21447579
4/1/1987,pce,3038.8,0.216657682
5/1/1987,pce,3048.4,0.217479101
6/1/1987,pce,3072.8,0.219566873
7/1/1987,pce,3094.7,0.221440734
8/1/1987,pce,3130.8,0.22452961
9/1/1987,pce,3126.5,0.224161683
10/1/1987,pce,3134.5,0.224846198
11/1/1987,pce,3144.2,0.225676173
12/1/1987,pce,3174.1,0.228234549
1/1/1988,pce,3213.7,0.2316229
2/1/1988,pce,3221.4,0.232281747
3/1/1988,pce,3260.5,0.235627316
4/1/1988,pce,3263,0.235841227
5/1/1988,pce,3293.6,0.238459498
6/1/1988,pce,3318.5,0.240590052
7/1/1988,pce,3342.7,0.242660711
8/1/1988,pce,3368,0.244825491
9/1/1988,pce,3375,0.245424442
10/1/1988,pce,3413.7,0.248735786
11/1/1988,pce,3430.2,0.250147599
12/1/1988,pce,3459.7,0.252671749
1/1/1989,pce,3483.7,0.254725295
2/1/1989,pce,3488,0.255093222
3/1/1989,pce,3498.8,0.256017318
4/1/1989,pce,3543,0.259799266
5/1/1989,pce,3551.8,0.260552233
6/1/1989,pce,3566.6,0.261818586
7/1/1989,pce,3585.7,0.263452867
8/1/1989,pce,3620.6,0.266439065
9/1/1989,pce,3621.9,0.266550299
10/1/1989,pce,3633.6,0.267551403
11/1/1989,pce,3643.3,0.268381378
12/1/1989,pce,3684.2,0.271880963
1/1/1990,pce,3730.7,0.275859709
2/1/1990,pce,3728.2,0.275645798
3/1/1990,pce,3754.9,0.277930368
4/1/1990,pce,3770,0.27922239
5/1/1990,pce,3775.8,0.279718664
6/1/1990,pce,3804.5,0.282174363
7/1/1990,pce,3821.7,0.283646071
8/1/1990,pce,3848.3,0.285922085
9/1/1990,pce,3870.1,0.28778739
10/1/1990,pce,3870.6,0.287830172
11/1/1990,pce,3871.9,0.287941405
12/1/1990,pce,3861.3,0.287034423
1/1/1991,pce,3841,0.285297465
2/1/1991,pce,3866.7,0.28749647
3/1/1991,pce,3913,0.291458103
4/1/1991,pce,3907.1,0.290953273
5/1/1991,pce,3933.2,0.293186505
6/1/1991,pce,3940.5,0.293811125
7/1/1991,pce,3966,0.295993018
8/1/1991,pce,3969.1,0.296258268
9/1/1991,pce,3984.7,0.297593073
10/1/1991,pce,3976,0.296848662
11/1/1991,pce,4003.6,0.29921024
12/1/1991,pce,4020.5,0.300656279
1/1/1992,pce,4084.7,0.306149515
2/1/1992,pce,4099.5,0.307415869
3/1/1992,pce,4117,0.308913246
4/1/1992,pce,4131.5,0.31015393
5/1/1992,pce,4158.4,0.312455613
6/1/1992,pce,4177.1,0.314055668
7/1/1992,pce,4204.8,0.316425803
8/1/1992,pce,4220.9,0.31780339
9/1/1992,pce,4255.3,0.320746806
10/1/1992,pce,4284.7,0.3232624
11/1/1992,pce,4300.5,0.324614318
12/1/1992,pce,4336.4,0.327686081
1/1/1993,pce,4340.7,0.328054008
2/1/1993,pce,4355.3,0.329303249
3/1/1993,pce,4352.5,0.329063668
4/1/1993,pce,4393.4,0.332563254
5/1/1993,pce,4422.4,0.335044622
6/1/1993,pce,4440,0.336550556
7/1/1993,pce,4468.9,0.339023368
8/1/1993,pce,4481.1,0.340067254
9/1/1993,pce,4511.5,0.342668412
10/1/1993,pce,4532.8,0.344490934
11/1/1993,pce,4554.1,0.346313457
12/1/1993,pce,4571.1,0.347768052
1/1/1994,pce,4585.1,0.348965954
2/1/1994,pce,4632.6,0.353030264
3/1/1994,pce,4646,0.354176827
4/1/1994,pce,4671.1,0.356324495
5/1/1994,pce,4669.5,0.356187591
6/1/1994,pce,4708.9,0.35955883
7/1/1994,pce,4720.6,0.360559934
8/1/1994,pce,4762.6,0.364153639
9/1/1994,pce,4775,0.365214638
10/1/1994,pce,4812.9,0.36845753
11/1/1994,pce,4825.6,0.369544198
12/1/1994,pce,4841.6,0.370913229
1/1/1995,pce,4851.2,0.371734648
2/1/1995,pce,4850.8,0.371700422
3/1/1995,pce,4885.4,0.374660951
4/1/1995,pce,4890.2,0.37507166
5/1/1995,pce,4933.1,0.378742374
6/1/1995,pce,4977.5,0.382541435
7/1/1995,pce,4970.2,0.381916814
8/1/1995,pce,5005.3,0.384920126
9/1/1995,pce,5020.5,0.386220705
10/1/1995,pce,5013.9,0.38565598
11/1/1995,pce,5055.6,0.389224016
12/1/1995,pce,5097.5,0.392809166
1/1/1996,pce,5085.7,0.391799505
2/1/1996,pce,5132.8,0.39582959
3/1/1996,pce,5173.3,0.399294949
4/1/1996,pce,5208,0.402264035
5/1/1996,pce,5223.8,0.403615953
6/1/1996,pce,5229.8,0.404129339
7/1/1996,pce,5251.9,0.406020313
8/1/1996,pce,5275,0.407996851
9/1/1996,pce,5296.6,0.409845043
10/1/1996,pce,5328.5,0.412574548
11/1/1996,pce,5351.2,0.41451686
12/1/1996,pce,5378.6,0.416861326
1/1/1997,pce,5411.1,0.41964217
2/1/1997,pce,5434,0.421601595
3/1/1997,pce,5454.2,0.423329996
4/1/1997,pce,5459.3,0.423766375
5/1/1997,pce,5460.2,0.423843383
6/1/1997,pce,5494.2,0.426752573
7/1/1997,pce,5548.8,0.431424391
8/1/1997,pce,5587,0.434692952
9/1/1997,pce,5601.7,0.435950749
10/1/1997,pce,5637.7,0.439031068
11/1/1997,pce,5661.1,0.441033276
12/1/1997,pce,5692.1,0.443685773
1/1/1998,pce,5689.9,0.443497531
2/1/1998,pce,5723.8,0.446398165
3/1/1998,pce,5750.3,0.448665623
4/1/1998,pce,5788.1,0.451899958
5/1/1998,pce,5837.9,0.456161066
6/1/1998,pce,5871.7,0.459053144
7/1/1998,pce,5890,0.460618973
8/1/1998,pce,5925,0.463613728
9/1/1998,pce,5965.6,0.467087644
10/1/1998,pce,5998.8,0.469928383
11/1/1998,pce,6015.4,0.471348752
12/1/1998,pce,6070.5,0.476063352
1/1/1999,pce,6072.9,0.476268707
2/1/1999,pce,6101.8,0.478741518
3/1/1999,pce,6132.9,0.481402572
4/1/1999,pce,6196.2,0.4868188
5/1/1999,pce,6225.7,0.489342951
6/1/1999,pce,6254,0.491764424
7/1/1999,pce,6281.5,0.494117446
8/1/1999,pce,6326.5,0.497967845
9/1/1999,pce,6378.8,0.502442864
10/1/1999,pce,6402.1,0.504436515
11/1/1999,pce,6437.9,0.507499722
12/1/1999,pce,6538.7,0.516124616
1/1/2000,pce,6535.3,0.515833697
2/1/2000,pce,6619.7,0.523055335
3/1/2000,pce,6685.8,0.528711143
4/1/2000,pce,6671.1,0.527453346
5/1/2000,pce,6707.6,0.530576448
6/1/2000,pce,6743.9,0.533682436
7/1/2000,pce,6764.1,0.535410838
8/1/2000,pce,6799.1,0.538405592
9/1/2000,pce,6882.9,0.545575891
10/1/2000,pce,6888.2,0.546029383
11/1/2000,pce,6902.4,0.547244398
12/1/2000,pce,6945.7,0.550949337
1/1/2001,pce,6977,0.553627504
2/1/2001,pce,6995.8,0.555236115
3/1/2001,pce,6987.9,0.554560156
4/1/2001,pce,7001.2,0.555698163
5/1/2001,pce,7047.1,0.55962557
6/1/2001,pce,7060.7,0.560789246
7/1/2001,pce,7072.2,0.561773237
8/1/2001,pce,7108.9,0.564913452
9/1/2001,pce,7012.8,0.55669071
10/1/2001,pce,7208.4,0.573427112
11/1/2001,pce,7167.9,0.569961753
12/1/2001,pce,7147.7,0.568233351
1/1/2002,pce,7174.3,0.570509365
2/1/2002,pce,7218.3,0.5742742
3/1/2002,pce,7237.2,0.575891367
4/1/2002,pce,7305.4,0.581726861
5/1/2002,pce,7282.7,0.579784549
6/1/2002,pce,7318.2,0.582822086
7/1/2002,pce,7380.4,0.588144193
8/1/2002,pce,7401.5,0.589949603
9/1/2002,pce,7391,0.589051176
10/1/2002,pce,7430.7,0.592448084
11/1/2002,pce,7459.7,0.594929452
12/1/2002,pce,7512.8,0.599472923
1/1/2003,pce,7533.1,0.601209881
2/1/2003,pce,7535.9,0.601449461
3/1/2003,pce,7598.4,0.606797238
4/1/2003,pce,7621,0.608730994
5/1/2003,pce,7628.1,0.609338501
6/1/2003,pce,7678.6,0.613659505
7/1/2003,pce,7738.2,0.618759145
8/1/2003,pce,7834.5,0.626998999
9/1/2003,pce,7835,0.627041781
10/1/2003,pce,7845.7,0.62795732
11/1/2003,pce,7899.6,0.632569243
12/1/2003,pce,7929.2,0.63510195
1/1/2004,pce,7987.4,0.6400818
2/1/2004,pce,8019.8,0.642854087
3/1/2004,pce,8076,0.647662808
4/1/2004,pce,8088.6,0.648740919
5/1/2004,pce,8163.2,0.655124026
6/1/2004,pce,8147.2,0.653754995
7/1/2004,pce,8218.9,0.659889964
8/1/2004,pce,8253.1,0.662816268
9/1/2004,pce,8321.1,0.668634648
10/1/2004,pce,8374.6,0.673212345
11/1/2004,pce,8420.6,0.677148309
12/1/2004,pce,8481.5,0.682359182
1/1/2005,pce,8470.2,0.681392304
2/1/2005,pce,8529.2,0.686440605
3/1/2005,pce,8569.5,0.689888852
4/1/2005,pce,8645.6,0.696400305
5/1/2005,pce,8643.9,0.696254845
6/1/2005,pce,8724.8,0.703177007
7/1/2005,pce,8829.5,0.712135603
8/1/2005,pce,8832.4,0.712383739
9/1/2005,pce,8885.8,0.71695288
10/1/2005,pce,8926.6,0.720443908
11/1/2005,pce,8938.5,0.721462125
12/1/2005,pce,8969.6,0.724123179
1/1/2006,pce,9059.8,0.73184109
2/1/2006,pce,9090.1,0.734433692
3/1/2006,pce,9122.1,0.737171753
4/1/2006,pce,9174.8,0.741680999
5/1/2006,pce,9215.1,0.745129245
6/1/2006,pce,9240.8,0.747328251
7/1/2006,pce,9322.6,0.754327421
8/1/2006,pce,9321.8,0.754258969
9/1/2006,pce,9354.7,0.757074039
10/1/2006,pce,9373.2,0.758656981
11/1/2006,pce,9380.2,0.759255932
12/1/2006,pce,9469,0.766854053
1/1/2007,pce,9516.3,0.77090125
2/1/2007,pce,9546.8,0.773510965
3/1/2007,pce,9585.1,0.776788083
4/1/2007,pce,9615.7,0.779406354
5/1/2007,pce,9651.3,0.782452448
6/1/2007,pce,9667.3,0.783821478
7/1/2007,pce,9709.6,0.787440854
8/1/2007,pce,9753.9,0.791231358
9/1/2007,pce,9797.9,0.794996192
10/1/2007,pce,9827,0.797486117
11/1/2007,pce,9897.8,0.803544079
12/1/2007,pce,9908.4,0.804451061
1/1/2008,pce,9930,0.806299253
2/1/2008,pce,9913.4,0.804878884
3/1/2008,pce,9959.4,0.808814847
4/1/2008,pce,9996.8,0.812014957
5/1/2008,pce,10053.8,0.816892129
6/1/2008,pce,10107.9,0.821521164
7/1/2008,pce,10104.7,0.821247358
8/1/2008,pce,10094.7,0.820391714
9/1/2008,pce,10043.5,0.816010815
10/1/2008,pce,9960.3,0.808891855
11/1/2008,pce,9820.8,0.796955618
12/1/2008,pce,9730.7,0.789246263
1/1/2009,pce,9783.8,0.793789734
2/1/2009,pce,9766,0.792266687
3/1/2009,pce,9718.5,0.788202377
4/1/2009,pce,9724.8,0.788741433
5/1/2009,pce,9748.9,0.790803536
6/1/2009,pce,9806.9,0.795766272
7/1/2009,pce,9841.7,0.798743914
8/1/2009,pce,9961,0.80895175
9/1/2009,pce,9883.4,0.802311951
10/1/2009,pce,9931.9,0.806461825
11/1/2009,pce,9940.5,0.807197679
12/1/2009,pce,9998.9,0.812194642
1/1/2010,pce,10001.8,0.812442779
2/1/2010,pce,10030.6,0.814907034
3/1/2010,pce,10089.1,0.819912553
4/1/2010,pce,10112.9,0.821948986
5/1/2010,pce,10131,0.823497703
6/1/2010,pce,10151.4,0.825243217
7/1/2010,pce,10184.7,0.828092512
8/1/2010,pce,10228.2,0.831814565
9/1/2010,pce,10249,0.833594305
10/1/2010,pce,10304.7,0.838360243
11/1/2010,pce,10354.7,0.842638465
12/1/2010,pce,10392.1,0.845838574
1/1/2011,pce,10435.5,0.84955207
2/1/2011,pce,10470.1,0.852512599
3/1/2011,pce,10550.5,0.859391979
4/1/2011,pce,10587.6,0.862566419
5/1/2011,pce,10612,0.864654191
6/1/2011,pce,10636.8,0.866776189
7/1/2011,pce,10677.5,0.870258661
8/1/2011,pce,10700.6,0.872235199
9/1/2011,pce,10738.1,0.875443865
10/1/2011,pce,10753.1,0.876727332
11/1/2011,pce,10759.5,0.877274944
12/1/2011,pce,10772.2,0.878361612
1/1/2012,pce,10862.1,0.886053854
2/1/2012,pce,10953.5,0.893874443
3/1/2012,pce,10951.8,0.893728983
4/1/2012,pce,10979.7,0.896116231
5/1/2012,pce,10968.6,0.895166466
6/1/2012,pce,10946.3,0.893258379
7/1/2012,pce,10977.2,0.89590232
8/1/2012,pce,11004.1,0.898204003
9/1/2012,pce,11061.5,0.903115401
10/1/2012,pce,11099.8,0.906392518
11/1/2012,pce,11136.8,0.909558402
12/1/2012,pce,11140.5,0.90987499
1/1/2013,pce,11202.8,0.915205654
2/1/2013,pce,11239.6,0.918354425
3/1/2013,pce,11227.1,0.91728487
4/1/2013,pce,11205.4,0.915428122
5/1/2013,pce,11244.6,0.918782247
6/1/2013,pce,11268.8,0.920852906
7/1/2013,pce,11296.7,0.923240154
8/1/2013,pce,11329.2,0.926020998
9/1/2013,pce,11366.9,0.929246776
10/1/2013,pce,11419.8,0.933773134
11/1/2013,pce,11487.6,0.939574403
12/1/2013,pce,11517.9,0.942167005
1/1/2014,pce,11512.5,0.941704957
2/1/2014,pce,11566.2,0.946299766
3/1/2014,pce,11643,0.952871114
4/1/2014,pce,11702.6,0.957970754
5/1/2014,pce,11748.4,0.961889605
6/1/2014,pce,11817,0.967759324
7/1/2014,pce,11860.5,0.971481377
8/1/2014,pce,11944.3,0.978651676
9/1/2014,pce,11957.4,0.97977257
10/1/2014,pce,12023,0.985385596
11/1/2014,pce,12051.4,0.987815626
12/1/2014,pce,12062,0.988722609
1/1/2015,pce,12046,0.987353578
2/1/2015,pce,12082.4,0.990468123
3/1/2015,pce,12158.3,0.996962463
4/1/2015,pce,12193.8,1
7/1/1967,pop,198712,0
8/1/1967,pop,198911,0.001635299
9/1/1967,pop,199113,0.00329525
10/1/1967,pop,199311,0.004922332
11/1/1967,pop,199498,0.00645902
12/1/1967,pop,199657,0.007765615
1/1/1968,pop,199808,0.00900647
2/1/1968,pop,199920,0.009926839
3/1/1968,pop,200056,0.01104443
4/1/1968,pop,200208,0.012293503
5/1/1968,pop,200361,0.013550793
6/1/1968,pop,200536,0.01498887
7/1/1968,pop,200706,0.016385859
8/1/1968,pop,200898,0.017963635
9/1/1968,pop,201095,0.019582498
10/1/1968,pop,201290,0.021184927
11/1/1968,pop,201466,0.022631221
12/1/1968,pop,201621,0.023904947
1/1/1969,pop,201760,0.02504719
2/1/1969,pop,201881,0.026041518
3/1/1969,pop,202023,0.027208415
4/1/1969,pop,202161,0.028342441
5/1/1969,pop,202331,0.02973943
6/1/1969,pop,202507,0.031185724
7/1/1969,pop,202677,0.032582713
8/1/1969,pop,202877,0.03422623
9/1/1969,pop,203090,0.035976575
10/1/1969,pop,203302,0.037718702
11/1/1969,pop,203500,0.039345783
12/1/1969,pop,203675,0.04078386
1/1/1970,pop,203849,0.04221372
2/1/1970,pop,204008,0.043520315
3/1/1970,pop,204156,0.044736517
4/1/1970,pop,204401,0.046749825
5/1/1970,pop,204607,0.048442647
6/1/1970,pop,204830,0.050275168
7/1/1970,pop,205052,0.052099471
8/1/1970,pop,205295,0.054096344
9/1/1970,pop,205540,0.056109651
10/1/1970,pop,205788,0.058147612
11/1/1970,pop,206024,0.060086961
12/1/1970,pop,206238,0.061845524
1/1/1971,pop,206466,0.063719132
2/1/1971,pop,206668,0.065379084
3/1/1971,pop,206855,0.066915772
4/1/1971,pop,207065,0.068641464
5/1/1971,pop,207260,0.070243892
6/1/1971,pop,207462,0.071903844
7/1/1971,pop,207661,0.073539143
8/1/1971,pop,207881,0.075347011
9/1/1971,pop,208114,0.077261708
10/1/1971,pop,208345,0.079159969
11/1/1971,pop,208555,0.080885661
12/1/1971,pop,208740,0.082405914
1/1/1972,pop,208917,0.083860426
2/1/1972,pop,209061,0.085043758
3/1/1972,pop,209212,0.086284613
4/1/1972,pop,209386,0.087714472
5/1/1972,pop,209545,0.089021068
6/1/1972,pop,209725,0.090500233
7/1/1972,pop,209896,0.091905439
8/1/1972,pop,210075,0.093376386
9/1/1972,pop,210278,0.095044556
10/1/1972,pop,210479,0.09669629
11/1/1972,pop,210656,0.098150802
12/1/1972,pop,210821,0.099506703
1/1/1973,pop,210985,0.100854386
2/1/1973,pop,211120,0.10196376
3/1/1973,pop,211254,0.103064916
4/1/1973,pop,211420,0.104429034
5/1/1973,pop,211577,0.105719195
6/1/1973,pop,211746,0.107107966
7/1/1973,pop,211909,0.108447432
8/1/1973,pop,212092,0.10995125
9/1/1973,pop,212289,0.111570113
10/1/1973,pop,212475,0.113098584
11/1/1973,pop,212634,0.114405179
12/1/1973,pop,212785,0.115646034
1/1/1974,pop,212932,0.116854019
2/1/1974,pop,213074,0.118020915
3/1/1974,pop,213211,0.119146724
4/1/1974,pop,213361,0.120379361
5/1/1974,pop,213513,0.121628434
6/1/1974,pop,213686,0.123050076
7/1/1974,pop,213854,0.124430629
8/1/1974,pop,214042,0.125975535
9/1/1974,pop,214246,0.127651922
10/1/1974,pop,214451,0.129336526
11/1/1974,pop,214625,0.130766385
12/1/1974,pop,214782,0.132056546
1/1/1975,pop,214931,0.133280965
2/1/1975,pop,215065,0.134382121
3/1/1975,pop,215198,0.13547506
4/1/1975,pop,215353,0.136748785
5/1/1975,pop,215523,0.138145774
6/1/1975,pop,215768,0.140159082
7/1/1975,pop,215973,0.141843686
8/1/1975,pop,216195,0.143667989
9/1/1975,pop,216393,0.145295071
10/1/1975,pop,216587,0.146889282
11/1/1975,pop,216771,0.148401317
12/1/1975,pop,216931,0.14971613
1/1/1976,pop,217095,0.151063813
2/1/1976,pop,217249,0.152329321
3/1/1976,pop,217381,0.153414042
4/1/1976,pop,217528,0.154622026
5/1/1976,pop,217685,0.155912187
6/1/1976,pop,217861,0.157358481
7/1/1976,pop,218035,0.158788341
8/1/1976,pop,218233,0.160415422
9/1/1976,pop,218440,0.162116461
10/1/1976,pop,218644,0.163792848
11/1/1976,pop,218834,0.165354189
12/1/1976,pop,219006,0.166767613
1/1/1977,pop,219179,0.168189255
2/1/1977,pop,219344,0.169545156
3/1/1977,pop,219504,0.170859969
4/1/1977,pop,219684,0.172339134
5/1/1977,pop,219859,0.17377721
6/1/1977,pop,220046,0.175313898
7/1/1977,pop,220239,0.176899892
8/1/1977,pop,220458,0.178699542
9/1/1977,pop,220688,0.180589586
10/1/1977,pop,220904,0.182364584
11/1/1977,pop,221109,0.184049188
12/1/1977,pop,221303,0.185643399
1/1/1978,pop,221477,0.187073258
2/1/1978,pop,221629,0.188322331
3/1/1978,pop,221792,0.189661797
4/1/1978,pop,221991,0.191297096
5/1/1978,pop,222176,0.192817348
6/1/1978,pop,222379,0.194485518
7/1/1978,pop,222585,0.196178339
8/1/1978,pop,222805,0.197986208
9/1/1978,pop,223053,0.200024168
10/1/1978,pop,223271,0.201815601
11/1/1978,pop,223477,0.203508423
12/1/1978,pop,223670,0.205094416
1/1/1979,pop,223865,0.206696845
2/1/1979,pop,224053,0.20824175
3/1/1979,pop,224235,0.20973735
4/1/1979,pop,224438,0.211405519
5/1/1979,pop,224632,0.21299973
6/1/1979,pop,224843,0.21473364
7/1/1979,pop,225055,0.216475767
8/1/1979,pop,225295,0.218447987
9/1/1979,pop,225547,0.220518818
10/1/1979,pop,225801,0.222606084
11/1/1979,pop,226027,0.224463257
12/1/1979,pop,226243,0.226238255
1/1/1980,pop,226451,0.227947512
2/1/1980,pop,226656,0.229632117
3/1/1980,pop,226849,0.23121811
4/1/1980,pop,227061,0.232960237
5/1/1980,pop,227251,0.234521578
6/1/1980,pop,227522,0.236748543
7/1/1980,pop,227726,0.238424929
8/1/1980,pop,227953,0.240290321
9/1/1980,pop,228186,0.242205017
10/1/1980,pop,228417,0.244103279
11/1/1980,pop,228612,0.245705707
12/1/1980,pop,228779,0.247078043
1/1/1981,pop,228937,0.248376421
2/1/1981,pop,229071,0.249477577
3/1/1981,pop,229224,0.250734868
4/1/1981,pop,229403,0.252205815
5/1/1981,pop,229575,0.253619239
6/1/1981,pop,229761,0.255147709
7/1/1981,pop,229966,0.256832314
8/1/1981,pop,230187,0.258648399
9/1/1981,pop,230412,0.260497355
10/1/1981,pop,230641,0.262379182
11/1/1981,pop,230822,0.263866564
12/1/1981,pop,230989,0.2652389
1/1/1982,pop,231157,0.266619454
2/1/1982,pop,231313,0.267901397
3/1/1982,pop,231470,0.269191557
4/1/1982,pop,231645,0.270629634
5/1/1982,pop,231809,0.271977318
6/1/1982,pop,231992,0.273481135
7/1/1982,pop,232188,0.275091781
8/1/1982,pop,232392,0.276768168
9/1/1982,pop,232599,0.278469207
10/1/1982,pop,232816,0.280252423
11/1/1982,pop,232993,0.281706935
12/1/1982,pop,233160,0.283079271
1/1/1983,pop,233322,0.284410519
2/1/1983,pop,233473,0.285651374
3/1/1983,pop,233613,0.286801836
4/1/1983,pop,233781,0.28818239
5/1/1983,pop,233922,0.289341069
6/1/1983,pop,234118,0.290951715
7/1/1983,pop,234307,0.292504838
8/1/1983,pop,234501,0.294099049
9/1/1983,pop,234701,0.295742565
10/1/1983,pop,234907,0.297435387
11/1/1983,pop,235078,0.298840594
12/1/1983,pop,235235,0.300130754
1/1/1984,pop,235385,0.301363391
2/1/1984,pop,235527,0.302530288
3/1/1984,pop,235675,0.30374649
4/1/1984,pop,235839,0.305094174
5/1/1984,pop,235993,0.306359681
6/1/1984,pop,236160,0.307732018
7/1/1984,pop,236348,0.309276923
8/1/1984,pop,236549,0.310928657
9/1/1984,pop,236760,0.312662567
10/1/1984,pop,236976,0.314437565
11/1/1984,pop,237159,0.315941382
12/1/1984,pop,237316,0.317231543
1/1/1985,pop,237468,0.318480615
2/1/1985,pop,237602,0.319581771
3/1/1985,pop,237732,0.320650057
4/1/1985,pop,237900,0.322030611
5/1/1985,pop,238074,0.32346047
6/1/1985,pop,238270,0.325071116
7/1/1985,pop,238466,0.326681762
8/1/1985,pop,238679,0.328432107
9/1/1985,pop,238898,0.330231758
10/1/1985,pop,239113,0.331998538
11/1/1985,pop,239307,0.333592749
12/1/1985,pop,239477,0.334989738
1/1/1986,pop,239638,0.336312768
2/1/1986,pop,239788,0.337545406
3/1/1986,pop,239928,0.338695867
4/1/1986,pop,240094,0.340059986
5/1/1986,pop,240271,0.341514498
6/1/1986,pop,240459,0.343059403
7/1/1986,pop,240651,0.344637179
8/1/1986,pop,240854,0.346305348
9/1/1986,pop,241068,0.348063911
10/1/1986,pop,241274,0.349756733
11/1/1986,pop,241467,0.351342726
12/1/1986,pop,241620,0.352600016
1/1/1987,pop,241784,0.3539477
2/1/1987,pop,241930,0.355147467
3/1/1987,pop,242079,0.356371887
4/1/1987,pop,242252,0.357793528
5/1/1987,pop,242423,0.359198735
6/1/1987,pop,242608,0.360718987
7/1/1987,pop,242804,0.362329634
8/1/1987,pop,243012,0.364038891
9/1/1987,pop,243223,0.365772801
10/1/1987,pop,243446,0.367605321
11/1/1987,pop,243639,0.369191315
12/1/1987,pop,243809,0.370588304
1/1/1988,pop,243981,0.372001728
2/1/1988,pop,244131,0.373234365
3/1/1988,pop,244279,0.374450567
4/1/1988,pop,244445,0.375814686
5/1/1988,pop,244610,0.377170587
6/1/1988,pop,244806,0.378781233
7/1/1988,pop,245021,0.380548013
8/1/1988,pop,245240,0.382347664
9/1/1988,pop,245464,0.384188402
10/1/1988,pop,245693,0.386070229
11/1/1988,pop,245884,0.387639787
12/1/1988,pop,246056,0.389053211
1/1/1989,pop,246224,0.390433765
2/1/1989,pop,246378,0.391699272
3/1/1989,pop,246530,0.392948345
4/1/1989,pop,246721,0.394517903
5/1/1989,pop,246906,0.396038156
6/1/1989,pop,247114,0.397747413
7/1/1989,pop,247342,0.399621022
8/1/1989,pop,247573,0.401519283
9/1/1989,pop,247816,0.403516155
10/1/1989,pop,248067,0.405578769
11/1/1989,pop,248281,0.407337331
12/1/1989,pop,248479,0.408964412
1/1/1990,pop,248659,0.410443577
2/1/1990,pop,248827,0.411824131
3/1/1990,pop,249012,0.413344384
4/1/1990,pop,249306,0.415760353
5/1/1990,pop,249565,0.417888707
6/1/1990,pop,249849,0.4202225
7/1/1990,pop,250132,0.422548076
8/1/1990,pop,250439,0.425070874
9/1/1990,pop,250751,0.427634759
10/1/1990,pop,251057,0.430149339
11/1/1990,pop,251346,0.432524221
12/1/1990,pop,251626,0.434825144
1/1/1991,pop,251889,0.436986368
2/1/1991,pop,252135,0.439007893
3/1/1991,pop,252372,0.44095546
4/1/1991,pop,252643,0.443182425
5/1/1991,pop,252913,0.445401172
6/1/1991,pop,253207,0.447817141
7/1/1991,pop,253493,0.45016737
8/1/1991,pop,253807,0.45274769
9/1/1991,pop,254126,0.455369099
10/1/1991,pop,254435,0.457908332
11/1/1991,pop,254718,0.460233908
12/1/1991,pop,254964,0.462255433
1/1/1992,pop,255214,0.464309828
2/1/1992,pop,255448,0.466232743
3/1/1992,pop,255703,0.468328226
4/1/1992,pop,255992,0.470703107
5/1/1992,pop,256285,0.473110859
6/1/1992,pop,256589,0.475609004
7/1/1992,pop,256894,0.478115367
8/1/1992,pop,257232,0.480892909
9/1/1992,pop,257548,0.483489665
10/1/1992,pop,257861,0.486061769
11/1/1992,pop,258147,0.488411997
12/1/1992,pop,258413,0.490597874
1/1/1993,pop,258679,0.492783751
2/1/1993,pop,258919,0.49475597
3/1/1993,pop,259152,0.496670667
4/1/1993,pop,259414,0.498823674
5/1/1993,pop,259680,0.501009551
6/1/1993,pop,259963,0.503335126
7/1/1993,pop,260255,0.50573466
8/1/1993,pop,260566,0.508290328
9/1/1993,pop,260867,0.510763821
10/1/1993,pop,261163,0.513196225
11/1/1993,pop,261425,0.515349231
12/1/1993,pop,261674,0.517395409
1/1/1994,pop,261919,0.519408717
2/1/1994,pop,262123,0.521085104
3/1/1994,pop,262352,0.52296693
4/1/1994,pop,262631,0.525259636
5/1/1994,pop,262877,0.527281161
6/1/1994,pop,263152,0.529540996
7/1/1994,pop,263436,0.531874789
8/1/1994,pop,263724,0.534241453
9/1/1994,pop,264017,0.536649204
10/1/1994,pop,264301,0.538982998
11/1/1994,pop,264559,0.541103134
12/1/1994,pop,264804,0.543116442
1/1/1995,pop,265044,0.545088661
2/1/1995,pop,265270,0.546945835
3/1/1995,pop,265495,0.548794791
4/1/1995,pop,265755,0.550931362
5/1/1995,pop,265998,0.552928235
6/1/1995,pop,266270,0.555163417
7/1/1995,pop,266557,0.557521863
8/1/1995,pop,266843,0.559872092
9/1/1995,pop,267152,0.562411325
10/1/1995,pop,267456,0.56490947
11/1/1995,pop,267715,0.567037823
12/1/1995,pop,267943,0.568911432
1/1/1996,pop,268151,0.570620689
2/1/1996,pop,268364,0.572371034
3/1/1996,pop,268595,0.574269296
4/1/1996,pop,268853,0.576389432
5/1/1996,pop,269108,0.578484915
6/1/1996,pop,269386,0.580769403
7/1/1996,pop,269667,0.583078544
8/1/1996,pop,269976,0.585617777
9/1/1996,pop,270284,0.588148792
10/1/1996,pop,270581,0.590589414
11/1/1996,pop,270878,0.593030036
12/1/1996,pop,271125,0.595059779
1/1/1997,pop,271360,0.59699091
2/1/1997,pop,271585,0.598839866
3/1/1997,pop,271821,0.600779216
4/1/1997,pop,272083,0.602932222
5/1/1997,pop,272342,0.605060576
6/1/1997,pop,272622,0.607361499
7/1/1997,pop,272912,0.609744598
8/1/1997,pop,273237,0.612415312
9/1/1997,pop,273553,0.615012068
10/1/1997,pop,273852,0.617469125
11/1/1997,pop,274126,0.619720743
12/1/1997,pop,274372,0.621742268
1/1/1998,pop,274626,0.623829534
2/1/1998,pop,274838,0.625571661
3/1/1998,pop,275047,0.627289136
4/1/1998,pop,275304,0.629401055
5/1/1998,pop,275564,0.631537626
6/1/1998,pop,275836,0.633772808
7/1/1998,pop,276115,0.636065514
8/1/1998,pop,276418,0.638555441
9/1/1998,pop,276714,0.640987845
10/1/1998,pop,277003,0.643362727
11/1/1998,pop,277277,0.645614344
12/1/1998,pop,277526,0.647660522
1/1/1999,pop,277790,0.649829964
2/1/1999,pop,277992,0.651489915
3/1/1999,pop,278198,0.653182737
4/1/1999,pop,278451,0.655261786
5/1/1999,pop,278717,0.657447663
6/1/1999,pop,279001,0.659781456
7/1/1999,pop,279295,0.662197425
8/1/1999,pop,279602,0.664720223
9/1/1999,pop,279903,0.667193715
10/1/1999,pop,280203,0.66965899
11/1/1999,pop,280471,0.671861302
12/1/1999,pop,280716,0.673874609
1/1/2000,pop,280976,0.676011181
2/1/2000,pop,281190,0.677769743
3/1/2000,pop,281409,0.679569394
4/1/2000,pop,281653,0.681574484
5/1/2000,pop,281877,0.683415222
6/1/2000,pop,282126,0.6854614
7/1/2000,pop,282385,0.687589754
8/1/2000,pop,282653,0.689792066
9/1/2000,pop,282932,0.692084771
10/1/2000,pop,283201,0.694295301
11/1/2000,pop,283453,0.696366132
12/1/2000,pop,283696,0.698363004
1/1/2001,pop,283920,0.700203743
2/1/2001,pop,284137,0.701986958
3/1/2001,pop,284350,0.703737303
4/1/2001,pop,284581,0.705635564
5/1/2001,pop,284810,0.707517391
6/1/2001,pop,285062,0.709588221
7/1/2001,pop,285309,0.711617964
8/1/2001,pop,285570,0.713762753
9/1/2001,pop,285843,0.716006153
10/1/2001,pop,286098,0.718101637
11/1/2001,pop,286341,0.720098509
12/1/2001,pop,286570,0.721980335
1/1/2002,pop,286788,0.723771768
2/1/2002,pop,286994,0.72546459
3/1/2002,pop,287190,0.727075236
4/1/2002,pop,287397,0.728776276
5/1/2002,pop,287623,0.730633449
6/1/2002,pop,287864,0.732613887
7/1/2002,pop,288105,0.734594324
8/1/2002,pop,288360,0.736689808
9/1/2002,pop,288618,0.738809944
10/1/2002,pop,288870,0.740880774
11/1/2002,pop,289106,0.742820124
12/1/2002,pop,289313,0.744521163
1/1/2003,pop,289518,0.746205768
2/1/2003,pop,289714,0.747816414
3/1/2003,pop,289911,0.749435277
4/1/2003,pop,290125,0.75119384
5/1/2003,pop,290346,0.753009926
6/1/2003,pop,290584,0.75496571
7/1/2003,pop,290820,0.75690506
8/1/2003,pop,291072,0.75897589
9/1/2003,pop,291321,0.761022068
10/1/2003,pop,291574,0.763101117
11/1/2003,pop,291807,0.765015813
12/1/2003,pop,292008,0.766667547
1/1/2004,pop,292192,0.768179582
2/1/2004,pop,292368,0.769625877
3/1/2004,pop,292561,0.77121187
4/1/2004,pop,292779,0.773003303
5/1/2004,pop,292997,0.774794736
6/1/2004,pop,293223,0.77665191
7/1/2004,pop,293463,0.778624129
8/1/2004,pop,293719,0.78072783
9/1/2004,pop,293971,0.782798661
10/1/2004,pop,294230,0.784927015
11/1/2004,pop,294466,0.786866364
12/1/2004,pop,294694,0.788739973
1/1/2005,pop,294914,0.790547841
2/1/2005,pop,295105,0.792117399
3/1/2005,pop,295287,0.793612999
4/1/2005,pop,295490,0.795281168
5/1/2005,pop,295704,0.797039731
6/1/2005,pop,295936,0.79894621
7/1/2005,pop,296186,0.801000606
8/1/2005,pop,296440,0.803087872
9/1/2005,pop,296707,0.805281966
10/1/2005,pop,296972,0.807459625
11/1/2005,pop,297207,0.809390757
12/1/2005,pop,297431,0.811231495
1/1/2006,pop,297647,0.813006493
2/1/2006,pop,297854,0.814707533
3/1/2006,pop,298060,0.816400355
4/1/2006,pop,298281,0.81821644
5/1/2006,pop,298496,0.819983221
6/1/2006,pop,298739,0.821980093
7/1/2006,pop,298996,0.824092012
8/1/2006,pop,299263,0.826286106
9/1/2006,pop,299554,0.828677422
10/1/2006,pop,299835,0.830986563
11/1/2006,pop,300094,0.833114917
12/1/2006,pop,300340,0.835136442
1/1/2007,pop,300574,0.837059356
2/1/2007,pop,300802,0.838932965
3/1/2007,pop,301021,0.840732616
4/1/2007,pop,301254,0.842647312
5/1/2007,pop,301483,0.844529138
6/1/2007,pop,301739,0.84663284
7/1/2007,pop,302004,0.848810499
8/1/2007,pop,302267,0.850971723
9/1/2007,pop,302546,0.853264428
10/1/2007,pop,302807,0.855409217
11/1/2007,pop,303054,0.85743896
12/1/2007,pop,303287,0.859353657
1/1/2008,pop,303506,0.861153307
2/1/2008,pop,303711,0.862837912
3/1/2008,pop,303907,0.864448558
4/1/2008,pop,304117,0.86617425
5/1/2008,pop,304323,0.867867072
6/1/2008,pop,304556,0.869781769
7/1/2008,pop,304798,0.871770423
8/1/2008,pop,305045,0.873800166
9/1/2008,pop,305309,0.875969608
10/1/2008,pop,305554,0.877982916
11/1/2008,pop,305786,0.879889395
12/1/2008,pop,306004,0.881680828
1/1/2009,pop,306208,0.883357214
2/1/2009,pop,306402,0.884951425
3/1/2009,pop,306588,0.886479896
4/1/2009,pop,306787,0.888115194
5/1/2009,pop,306984,0.889734058
6/1/2009,pop,307206,0.891558361
7/1/2009,pop,307439,0.893473058
8/1/2009,pop,307685,0.895494583
9/1/2009,pop,307946,0.897639372
10/1/2009,pop,308189,0.899636245
11/1/2009,pop,308418,0.901518071
12/1/2009,pop,308633,0.903284851
1/1/2010,pop,308833,0.904928368
2/1/2010,pop,309027,0.906522578
3/1/2010,pop,309212,0.908042831
4/1/2010,pop,309191.211,0.907871996
5/1/2010,pop,309369.053,0.909333427
6/1/2010,pop,309548.502,0.910808064
7/1/2010,pop,309745.698,0.912428538
8/1/2010,pop,309957.775,0.914171299
9/1/2010,pop,310176.466,0.91596841
10/1/2010,pop,310399.958,0.917804974
11/1/2010,pop,310595.764,0.919414026
12/1/2010,pop,310781.705,0.920942011
1/1/2011,pop,310960.74,0.922413246
2/1/2011,pop,311113.376,0.923667545
3/1/2011,pop,311265.404,0.924916847
4/1/2011,pop,311436.238,0.92632069
5/1/2011,pop,311607.08,0.927724598
6/1/2011,pop,311791.223,0.929237808
7/1/2011,pop,311997.049,0.9309292
8/1/2011,pop,312205.367,0.932641071
9/1/2011,pop,312429.118,0.934479763
10/1/2011,pop,312644.159,0.93624688
11/1/2011,pop,312829.523,0.937770124
12/1/2011,pop,313009.712,0.939250842
1/1/2012,pop,313183.179,0.940676321
2/1/2012,pop,313338.977,0.941956604
3/1/2012,pop,313499.369,0.943274638
4/1/2012,pop,313667.127,0.944653203
5/1/2012,pop,313830.53,0.945995981
6/1/2012,pop,314017.594,0.947533195
7/1/2012,pop,314210.786,0.949120766
8/1/2012,pop,314422.341,0.950859237
9/1/2012,pop,314646.749,0.952703328
10/1/2012,pop,314853.978,0.954406249
11/1/2012,pop,315053.863,0.95604882
12/1/2012,pop,315232.752,0.957518856
1/1/2013,pop,315389.595,0.958807726
2/1/2013,pop,315520.143,0.959880515
3/1/2013,pop,315662.224,0.961048077
4/1/2013,pop,315817.855,0.962326988
5/1/2013,pop,315983.654,0.963689454
6/1/2013,pop,316171.042,0.965229331
7/1/2013,pop,316358.778,0.966772067
8/1/2013,pop,316580.327,0.968592664
9/1/2013,pop,316806.125,0.970448177
10/1/2013,pop,317022.27,0.972224367
11/1/2013,pop,317228.026,0.973915184
12/1/2013,pop,317411.551,0.975423315
1/1/2014,pop,317593.923,0.976921972
2/1/2014,pop,317753.883,0.978236457
3/1/2014,pop,317917.203,0.979578552
4/1/2014,pop,318089.218,0.9809921
5/1/2014,pop,318269.505,0.982473623
6/1/2014,pop,318464.152,0.984073151
7/1/2014,pop,318662.368,0.985702007
8/1/2014,pop,318893.786,0.987603703
9/1/2014,pop,319125.296,0.989506156
10/1/2014,pop,319353.734,0.991383364
11/1/2014,pop,319564.209,0.993112959
12/1/2014,pop,319746.157,0.994608132
1/1/2015,pop,319928.646,0.99610775
2/1/2015,pop,320074.511,0.997306408
3/1/2015,pop,320230.786,0.998590611
4/1/2015,pop,320402.295,1
7/1/1967,psavert,12.6,0.688741722
8/1/1967,psavert,12.6,0.688741722
9/1/1967,psavert,11.9,0.642384106
10/1/1967,psavert,12.9,0.708609272
11/1/1967,psavert,12.8,0.701986755
12/1/1967,psavert,11.8,0.635761589
1/1/1968,psavert,11.7,0.629139073
2/1/1968,psavert,12.3,0.668874172
3/1/1968,psavert,11.7,0.629139073
4/1/1968,psavert,12.3,0.668874172
5/1/1968,psavert,12,0.649006623
6/1/1968,psavert,11.7,0.629139073
7/1/1968,psavert,10.7,0.562913907
8/1/1968,psavert,10.5,0.549668874
9/1/1968,psavert,10.6,0.556291391
10/1/1968,psavert,10.8,0.569536424
11/1/1968,psavert,10.6,0.556291391
12/1/1968,psavert,11.1,0.589403974
1/1/1969,psavert,10.3,0.536423841
2/1/1969,psavert,9.7,0.496688742
3/1/1969,psavert,10.2,0.529801325
4/1/1969,psavert,9.7,0.496688742
5/1/1969,psavert,10.1,0.523178808
6/1/1969,psavert,11.1,0.589403974
7/1/1969,psavert,11.8,0.635761589
8/1/1969,psavert,11.5,0.61589404
9/1/1969,psavert,11.6,0.622516556
10/1/1969,psavert,11.4,0.609271523
11/1/1969,psavert,11.6,0.622516556
12/1/1969,psavert,11.8,0.635761589
1/1/1970,psavert,11.8,0.635761589
2/1/1970,psavert,11.7,0.629139073
3/1/1970,psavert,12.4,0.675496689
4/1/1970,psavert,13.3,0.735099338
5/1/1970,psavert,12.4,0.675496689
6/1/1970,psavert,12.3,0.668874172
7/1/1970,psavert,13.5,0.748344371
8/1/1970,psavert,13.4,0.741721854
9/1/1970,psavert,12.9,0.708609272
10/1/1970,psavert,13.1,0.721854305
11/1/1970,psavert,13.6,0.754966887
12/1/1970,psavert,13.2,0.728476821
1/1/1971,psavert,13.3,0.735099338
2/1/1971,psavert,13.3,0.735099338
3/1/1971,psavert,13.5,0.748344371
4/1/1971,psavert,13.2,0.728476821
5/1/1971,psavert,13.6,0.754966887
6/1/1971,psavert,14.7,0.82781457
7/1/1971,psavert,13.8,0.768211921
8/1/1971,psavert,13.6,0.754966887
9/1/1971,psavert,13.3,0.735099338
10/1/1971,psavert,13.3,0.735099338
11/1/1971,psavert,13.1,0.721854305
12/1/1971,psavert,13,0.715231788
1/1/1972,psavert,12.5,0.682119205
2/1/1972,psavert,12.8,0.701986755
3/1/1972,psavert,11.8,0.635761589
4/1/1972,psavert,11.5,0.61589404
5/1/1972,psavert,11.7,0.629139073
6/1/1972,psavert,11.7,0.629139073
7/1/1972,psavert,11.7,0.629139073
8/1/1972,psavert,12,0.649006623
9/1/1972,psavert,12.2,0.662251656
10/1/1972,psavert,13,0.715231788
11/1/1972,psavert,13.6,0.754966887
12/1/1972,psavert,13.7,0.761589404
1/1/1973,psavert,12.4,0.675496689
2/1/1973,psavert,12.5,0.682119205
3/1/1973,psavert,12.7,0.695364238
4/1/1973,psavert,13.2,0.728476821
5/1/1973,psavert,13.2,0.728476821
6/1/1973,psavert,13.6,0.754966887
7/1/1973,psavert,13.2,0.728476821
8/1/1973,psavert,13.9,0.774834437
9/1/1973,psavert,13.1,0.721854305
10/1/1973,psavert,14.4,0.80794702
11/1/1973,psavert,14.4,0.80794702
12/1/1973,psavert,14.8,0.834437086
1/1/1974,psavert,14.3,0.801324503
2/1/1974,psavert,14.2,0.794701987
3/1/1974,psavert,13.4,0.741721854
4/1/1974,psavert,13.1,0.721854305
5/1/1974,psavert,12.8,0.701986755
6/1/1974,psavert,12.8,0.701986755
7/1/1974,psavert,12.8,0.701986755
8/1/1974,psavert,12.1,0.655629139
9/1/1974,psavert,12.9,0.708609272
10/1/1974,psavert,13.4,0.741721854
11/1/1974,psavert,13.8,0.768211921
12/1/1974,psavert,14,0.781456954
1/1/1975,psavert,13.2,0.728476821
2/1/1975,psavert,12.5,0.682119205
3/1/1975,psavert,12.7,0.695364238
4/1/1975,psavert,14.2,0.794701987
5/1/1975,psavert,17.3,1
6/1/1975,psavert,14.3,0.801324503
7/1/1975,psavert,12.6,0.688741722
8/1/1975,psavert,13,0.715231788
9/1/1975,psavert,13,0.715231788
10/1/1975,psavert,13.4,0.741721854
11/1/1975,psavert,12.7,0.695364238
12/1/1975,psavert,12,0.649006623
1/1/1976,psavert,11.7,0.629139073
2/1/1976,psavert,12.3,0.668874172
3/1/1976,psavert,12.2,0.662251656
4/1/1976,psavert,11.7,0.629139073
5/1/1976,psavert,12.3,0.668874172
6/1/1976,psavert,11.4,0.609271523
7/1/1976,psavert,11.7,0.629139073
8/1/1976,psavert,11.7,0.629139073
9/1/1976,psavert,11.4,0.609271523
10/1/1976,psavert,11.1,0.589403974
11/1/1976,psavert,11.4,0.609271523
12/1/1976,psavert,10.6,0.556291391
1/1/1977,psavert,10.6,0.556291391
2/1/1977,psavert,9.3,0.470198675
3/1/1977,psavert,10.5,0.549668874
4/1/1977,psavert,10.5,0.549668874
5/1/1977,psavert,10.3,0.536423841
6/1/1977,psavert,10.6,0.556291391
7/1/1977,psavert,10.5,0.549668874
8/1/1977,psavert,10.9,0.57615894
9/1/1977,psavert,11.1,0.589403974
10/1/1977,psavert,11,0.582781457
11/1/1977,psavert,11.2,0.59602649
12/1/1977,psavert,11.4,0.609271523
1/1/1978,psavert,11.9,0.642384106
2/1/1978,psavert,11.1,0.589403974
3/1/1978,psavert,11,0.582781457
4/1/1978,psavert,10.8,0.569536424
5/1/1978,psavert,10.3,0.536423841
6/1/1978,psavert,10,0.516556291
7/1/1978,psavert,10.9,0.57615894
8/1/1978,psavert,10.5,0.549668874
9/1/1978,psavert,10.6,0.556291391
10/1/1978,psavert,10.7,0.562913907
11/1/1978,psavert,10.5,0.549668874
12/1/1978,psavert,10.4,0.543046358
1/1/1979,psavert,11.1,0.589403974
2/1/1979,psavert,11.1,0.589403974
3/1/1979,psavert,11.2,0.59602649
4/1/1979,psavert,11,0.582781457
5/1/1979,psavert,10.3,0.536423841
6/1/1979,psavert,9.9,0.509933775
7/1/1979,psavert,10.6,0.556291391
8/1/1979,psavert,9.7,0.496688742
9/1/1979,psavert,9.4,0.476821192
10/1/1979,psavert,9.7,0.496688742
11/1/1979,psavert,9.7,0.496688742
12/1/1979,psavert,10.1,0.523178808
1/1/1980,psavert,9.9,0.509933775
2/1/1980,psavert,10.1,0.523178808
3/1/1980,psavert,10.2,0.529801325
4/1/1980,psavert,11.3,0.602649007
5/1/1980,psavert,11.4,0.609271523
6/1/1980,psavert,11.2,0.59602649
7/1/1980,psavert,11.3,0.602649007
8/1/1980,psavert,11.3,0.602649007
9/1/1980,psavert,11.7,0.629139073
10/1/1980,psavert,11.3,0.602649007
11/1/1980,psavert,11.6,0.622516556
12/1/1980,psavert,11.4,0.609271523
1/1/1981,psavert,10.9,0.57615894
2/1/1981,psavert,10.8,0.569536424
3/1/1981,psavert,10.8,0.569536424
4/1/1981,psavert,10.9,0.57615894
5/1/1981,psavert,11,0.582781457
6/1/1981,psavert,10.8,0.569536424
7/1/1981,psavert,12.3,0.668874172
8/1/1981,psavert,12,0.649006623
9/1/1981,psavert,12.4,0.675496689
10/1/1981,psavert,13,0.715231788
11/1/1981,psavert,13.2,0.728476821
12/1/1981,psavert,12.5,0.682119205
1/1/1982,psavert,12.7,0.695364238
2/1/1982,psavert,12.1,0.655629139
3/1/1982,psavert,12.2,0.662251656
4/1/1982,psavert,12.9,0.708609272
5/1/1982,psavert,12.3,0.668874172
6/1/1982,psavert,12.3,0.668874172
7/1/1982,psavert,12.5,0.682119205
8/1/1982,psavert,12.6,0.688741722
9/1/1982,psavert,11.8,0.635761589
10/1/1982,psavert,11.3,0.602649007
11/1/1982,psavert,10.9,0.57615894
12/1/1982,psavert,10.9,0.57615894
1/1/1983,psavert,11.1,0.589403974
2/1/1983,psavert,11.1,0.589403974
3/1/1983,psavert,10.6,0.556291391
4/1/1983,psavert,10.3,0.536423841
5/1/1983,psavert,9.9,0.509933775
6/1/1983,psavert,9.1,0.456953642
7/1/1983,psavert,9.6,0.490066225
8/1/1983,psavert,9.2,0.463576159
9/1/1983,psavert,9.6,0.490066225
10/1/1983,psavert,9.7,0.496688742
11/1/1983,psavert,10.3,0.536423841
12/1/1983,psavert,10.1,0.523178808
1/1/1984,psavert,10,0.516556291
2/1/1984,psavert,11.7,0.629139073
3/1/1984,psavert,11.5,0.61589404
4/1/1984,psavert,11.5,0.61589404
5/1/1984,psavert,11.1,0.589403974
6/1/1984,psavert,11.1,0.589403974
7/1/1984,psavert,11.6,0.622516556
8/1/1984,psavert,11.8,0.635761589
9/1/1984,psavert,11.8,0.635761589
10/1/1984,psavert,11.7,0.629139073
11/1/1984,psavert,10.9,0.57615894
12/1/1984,psavert,11.2,0.59602649
1/1/1985,psavert,10.3,0.536423841
2/1/1985,psavert,9.1,0.456953642
3/1/1985,psavert,8.7,0.430463576
4/1/1985,psavert,9.9,0.509933775
5/1/1985,psavert,11.1,0.589403974
6/1/1985,psavert,9.6,0.490066225
7/1/1985,psavert,9.1,0.456953642
8/1/1985,psavert,8.2,0.397350993
9/1/1985,psavert,7.3,0.337748344
10/1/1985,psavert,9.1,0.456953642
11/1/1985,psavert,9,0.450331126
12/1/1985,psavert,8.6,0.42384106
1/1/1986,psavert,8.6,0.42384106
2/1/1986,psavert,9.3,0.470198675
3/1/1986,psavert,9.9,0.509933775
4/1/1986,psavert,9.7,0.496688742
5/1/1986,psavert,9.3,0.470198675
6/1/1986,psavert,9.4,0.476821192
7/1/1986,psavert,9.3,0.470198675
8/1/1986,psavert,9,0.450331126
9/1/1986,psavert,7.2,0.331125828
10/1/1986,psavert,8.4,0.410596026
11/1/1986,psavert,8.8,0.437086093
12/1/1986,psavert,7,0.317880795
1/1/1987,psavert,9.7,0.496688742
2/1/1987,psavert,8.5,0.417218543
3/1/1987,psavert,8.5,0.417218543
4/1/1987,psavert,4.5,0.152317881
5/1/1987,psavert,8.2,0.397350993
6/1/1987,psavert,7.7,0.364238411
7/1/1987,psavert,7.5,0.350993377
8/1/1987,psavert,7.2,0.331125828
9/1/1987,psavert,7.6,0.357615894
10/1/1987,psavert,8.3,0.40397351
11/1/1987,psavert,8.5,0.417218543
12/1/1987,psavert,8.7,0.430463576
1/1/1988,psavert,8.1,0.390728477
2/1/1988,psavert,8.6,0.42384106
3/1/1988,psavert,8.2,0.397350993
4/1/1988,psavert,8.8,0.437086093
5/1/1988,psavert,8.4,0.410596026
6/1/1988,psavert,8.4,0.410596026
7/1/1988,psavert,8.6,0.42384106
8/1/1988,psavert,8.4,0.410596026
9/1/1988,psavert,8.9,0.443708609
10/1/1988,psavert,8.6,0.42384106
11/1/1988,psavert,8.4,0.410596026
12/1/1988,psavert,8.3,0.40397351
1/1/1989,psavert,8.5,0.417218543
2/1/1989,psavert,9,0.450331126
3/1/1989,psavert,9.5,0.483443709
4/1/1989,psavert,8.4,0.410596026
5/1/1989,psavert,8.1,0.390728477
6/1/1989,psavert,8.2,0.397350993
7/1/1989,psavert,8.2,0.397350993
8/1/1989,psavert,7.6,0.357615894
9/1/1989,psavert,8.1,0.390728477
10/1/1989,psavert,8.5,0.417218543
11/1/1989,psavert,8.6,0.42384106
12/1/1989,psavert,7.8,0.370860927
1/1/1990,psavert,8,0.38410596
2/1/1990,psavert,8.6,0.42384106
3/1/1990,psavert,8.3,0.40397351
4/1/1990,psavert,8.8,0.437086093
5/1/1990,psavert,8.7,0.430463576
6/1/1990,psavert,8.6,0.42384106
7/1/1990,psavert,8.7,0.430463576
8/1/1990,psavert,8.1,0.390728477
9/1/1990,psavert,8.1,0.390728477
10/1/1990,psavert,7.8,0.370860927
11/1/1990,psavert,7.9,0.377483444
12/1/1990,psavert,8.8,0.437086093
1/1/1991,psavert,9.3,0.470198675
2/1/1991,psavert,8.8,0.437086093
3/1/1991,psavert,8,0.38410596
4/1/1991,psavert,8.6,0.42384106
5/1/1991,psavert,8.4,0.410596026
6/1/1991,psavert,8.9,0.443708609
7/1/1991,psavert,8.2,0.397350993
8/1/1991,psavert,8.6,0.42384106
9/1/1991,psavert,8.8,0.437086093
10/1/1991,psavert,9.3,0.470198675
11/1/1991,psavert,9,0.450331126
12/1/1991,psavert,9.7,0.496688742
1/1/1992,psavert,9.4,0.476821192
2/1/1992,psavert,9.8,0.503311258
3/1/1992,psavert,9.7,0.496688742
4/1/1992,psavert,9.9,0.509933775
5/1/1992,psavert,9.9,0.509933775
6/1/1992,psavert,10.1,0.523178808
7/1/1992,psavert,9.6,0.490066225
8/1/1992,psavert,9.7,0.496688742
9/1/1992,psavert,8.7,0.430463576
10/1/1992,psavert,8,0.38410596
11/1/1992,psavert,8,0.38410596
12/1/1992,psavert,10.6,0.556291391
1/1/1993,psavert,8.6,0.42384106
2/1/1993,psavert,8.9,0.443708609
3/1/1993,psavert,8.9,0.443708609
4/1/1993,psavert,8.7,0.430463576
5/1/1993,psavert,8.3,0.40397351
6/1/1993,psavert,7.8,0.370860927
7/1/1993,psavert,7.6,0.357615894
8/1/1993,psavert,7.7,0.364238411
9/1/1993,psavert,6.9,0.311258278
10/1/1993,psavert,6.3,0.271523179
11/1/1993,psavert,6.3,0.271523179
12/1/1993,psavert,9.1,0.456953642
1/1/1994,psavert,7.1,0.324503311
2/1/1994,psavert,6.5,0.284768212
3/1/1994,psavert,6.8,0.304635762
4/1/1994,psavert,6.4,0.278145695
5/1/1994,psavert,7.6,0.357615894
6/1/1994,psavert,6.9,0.311258278
7/1/1994,psavert,7,0.317880795
8/1/1994,psavert,6.5,0.284768212
9/1/1994,psavert,6.8,0.304635762
10/1/1994,psavert,7.1,0.324503311
11/1/1994,psavert,7,0.317880795
12/1/1994,psavert,7.2,0.331125828
1/1/1995,psavert,7.5,0.350993377
2/1/1995,psavert,7.8,0.370860927
3/1/1995,psavert,7.5,0.350993377
4/1/1995,psavert,6.9,0.311258278
5/1/1995,psavert,7.1,0.324503311
6/1/1995,psavert,6.7,0.298013245
7/1/1995,psavert,7.1,0.324503311
8/1/1995,psavert,6.7,0.298013245
9/1/1995,psavert,6.8,0.304635762
10/1/1995,psavert,7.1,0.324503311
11/1/1995,psavert,6.6,0.291390728
12/1/1995,psavert,6.1,0.258278146
1/1/1996,psavert,6.7,0.298013245
2/1/1996,psavert,6.7,0.298013245
3/1/1996,psavert,6.6,0.291390728
4/1/1996,psavert,5.7,0.231788079
5/1/1996,psavert,6.7,0.298013245
6/1/1996,psavert,7.1,0.324503311
7/1/1996,psavert,6.7,0.298013245
8/1/1996,psavert,6.6,0.291390728
9/1/1996,psavert,6.7,0.298013245
10/1/1996,psavert,6.4,0.278145695
11/1/1996,psavert,6.4,0.278145695
12/1/1996,psavert,6.4,0.278145695
1/1/1997,psavert,6.2,0.264900662
2/1/1997,psavert,6.2,0.264900662
3/1/1997,psavert,6.4,0.278145695
4/1/1997,psavert,6.5,0.284768212
5/1/1997,psavert,6.8,0.304635762
6/1/1997,psavert,6.6,0.291390728
7/1/1997,psavert,6.1,0.258278146
8/1/1997,psavert,6,0.251655629
9/1/1997,psavert,6.2,0.264900662
10/1/1997,psavert,6.2,0.264900662
11/1/1997,psavert,6.4,0.278145695
12/1/1997,psavert,6.4,0.278145695
1/1/1998,psavert,7.4,0.344370861
2/1/1998,psavert,7.4,0.344370861
3/1/1998,psavert,7.5,0.350993377
4/1/1998,psavert,7.2,0.331125828
5/1/1998,psavert,6.9,0.311258278
6/1/1998,psavert,6.8,0.304635762
7/1/1998,psavert,6.9,0.311258278
8/1/1998,psavert,6.8,0.304635762
9/1/1998,psavert,6.4,0.278145695
10/1/1998,psavert,6.2,0.264900662
11/1/1998,psavert,6.3,0.271523179
12/1/1998,psavert,5.8,0.238410596
1/1/1999,psavert,6.4,0.278145695
2/1/1999,psavert,6.2,0.264900662
3/1/1999,psavert,5.9,0.245033113
4/1/1999,psavert,5.2,0.198675497
5/1/1999,psavert,4.9,0.178807947
6/1/1999,psavert,4.8,0.17218543
7/1/1999,psavert,4.8,0.17218543
8/1/1999,psavert,4.7,0.165562914
9/1/1999,psavert,4.2,0.132450331
10/1/1999,psavert,4.6,0.158940397
11/1/1999,psavert,4.8,0.17218543
12/1/1999,psavert,4.4,0.145695364
1/1/2000,psavert,5.4,0.21192053
2/1/2000,psavert,4.8,0.17218543
3/1/2000,psavert,4.5,0.152317881
4/1/2000,psavert,5,0.185430464
5/1/2000,psavert,4.9,0.178807947
6/1/2000,psavert,4.9,0.178807947
7/1/2000,psavert,5.2,0.198675497
8/1/2000,psavert,5.2,0.198675497
9/1/2000,psavert,4.5,0.152317881
10/1/2000,psavert,4.6,0.158940397
11/1/2000,psavert,4.5,0.152317881
12/1/2000,psavert,4.2,0.132450331
1/1/2001,psavert,4.8,0.17218543
2/1/2001,psavert,4.9,0.178807947
3/1/2001,psavert,5.3,0.205298013
4/1/2001,psavert,5,0.185430464
5/1/2001,psavert,4.5,0.152317881
6/1/2001,psavert,4.5,0.152317881
7/1/2001,psavert,5.6,0.225165563
8/1/2001,psavert,6.8,0.304635762
9/1/2001,psavert,7,0.317880795
10/1/2001,psavert,3.4,0.079470199
11/1/2001,psavert,4.1,0.125827815
12/1/2001,psavert,4.5,0.152317881
1/1/2002,psavert,6.1,0.258278146
2/1/2002,psavert,5.8,0.238410596
3/1/2002,psavert,5.9,0.245033113
4/1/2002,psavert,5.8,0.238410596
5/1/2002,psavert,6.5,0.284768212
6/1/2002,psavert,6.4,0.278145695
7/1/2002,psavert,5.5,0.218543046
8/1/2002,psavert,5.4,0.21192053
9/1/2002,psavert,5.7,0.231788079
10/1/2002,psavert,5.7,0.231788079
11/1/2002,psavert,5.7,0.231788079
12/1/2002,psavert,5.5,0.218543046
1/1/2003,psavert,5.5,0.218543046
2/1/2003,psavert,5.6,0.225165563
3/1/2003,psavert,5.3,0.205298013
4/1/2003,psavert,5.3,0.205298013
5/1/2003,psavert,5.8,0.238410596
6/1/2003,psavert,5.6,0.225165563
7/1/2003,psavert,6.3,0.271523179
8/1/2003,psavert,6,0.251655629
9/1/2003,psavert,5.2,0.198675497
10/1/2003,psavert,5.3,0.205298013
11/1/2003,psavert,5.4,0.21192053
12/1/2003,psavert,5.4,0.21192053
1/1/2004,psavert,5,0.185430464
2/1/2004,psavert,5,0.185430464
3/1/2004,psavert,4.9,0.178807947
4/1/2004,psavert,5.3,0.205298013
5/1/2004,psavert,5.3,0.205298013
6/1/2004,psavert,5.8,0.238410596
7/1/2004,psavert,5.3,0.205298013
8/1/2004,psavert,5.2,0.198675497
9/1/2004,psavert,4.6,0.158940397
10/1/2004,psavert,4.5,0.152317881
11/1/2004,psavert,4.1,0.125827815
12/1/2004,psavert,6.9,0.311258278
1/1/2005,psavert,3.7,0.099337748
2/1/2005,psavert,3.4,0.079470199
3/1/2005,psavert,3.6,0.092715232
4/1/2005,psavert,3.1,0.059602649
5/1/2005,psavert,3.5,0.086092715
6/1/2005,psavert,2.9,0.046357616
7/1/2005,psavert,2.2,0
8/1/2005,psavert,2.7,0.033112583
9/1/2005,psavert,2.7,0.033112583
10/1/2005,psavert,3.1,0.059602649
11/1/2005,psavert,3.5,0.086092715
12/1/2005,psavert,3.7,0.099337748
1/1/2006,psavert,4.2,0.132450331
2/1/2006,psavert,4.2,0.132450331
3/1/2006,psavert,4.2,0.132450331
4/1/2006,psavert,4,0.119205298
5/1/2006,psavert,3.8,0.105960265
6/1/2006,psavert,4,0.119205298
7/1/2006,psavert,3.4,0.079470199
8/1/2006,psavert,3.6,0.092715232
9/1/2006,psavert,3.6,0.092715232
10/1/2006,psavert,3.6,0.092715232
11/1/2006,psavert,3.9,0.112582781
12/1/2006,psavert,3.7,0.099337748
1/1/2007,psavert,3.7,0.099337748
2/1/2007,psavert,4.1,0.125827815
3/1/2007,psavert,4.4,0.145695364
4/1/2007,psavert,4.2,0.132450331
5/1/2007,psavert,4,0.119205298
6/1/2007,psavert,3.8,0.105960265
7/1/2007,psavert,3.7,0.099337748
8/1/2007,psavert,3.4,0.079470199
9/1/2007,psavert,3.5,0.086092715
10/1/2007,psavert,3.4,0.079470199
11/1/2007,psavert,3.1,0.059602649
12/1/2007,psavert,3.6,0.092715232
1/1/2008,psavert,3.7,0.099337748
2/1/2008,psavert,4.1,0.125827815
3/1/2008,psavert,4,0.119205298
4/1/2008,psavert,3.4,0.079470199
5/1/2008,psavert,7.8,0.370860927
6/1/2008,psavert,5.5,0.218543046
7/1/2008,psavert,4.4,0.145695364
8/1/2008,psavert,3.8,0.105960265
9/1/2008,psavert,4.7,0.165562914
10/1/2008,psavert,5.5,0.218543046
11/1/2008,psavert,6.4,0.278145695
12/1/2008,psavert,6.4,0.278145695
1/1/2009,psavert,6.2,0.264900662
2/1/2009,psavert,5.5,0.218543046
3/1/2009,psavert,5.9,0.245033113
4/1/2009,psavert,6.8,0.304635762
5/1/2009,psavert,8.2,0.397350993
6/1/2009,psavert,6.7,0.298013245
7/1/2009,psavert,6,0.251655629
8/1/2009,psavert,4.9,0.178807947
9/1/2009,psavert,5.9,0.245033113
10/1/2009,psavert,5.4,0.21192053
11/1/2009,psavert,5.9,0.245033113
12/1/2009,psavert,5.9,0.245033113
1/1/2010,psavert,6.1,0.258278146
2/1/2010,psavert,5.8,0.238410596
3/1/2010,psavert,5.7,0.231788079
4/1/2010,psavert,6.4,0.278145695
5/1/2010,psavert,7,0.317880795
6/1/2010,psavert,6.9,0.311258278
7/1/2010,psavert,6.8,0.304635762
8/1/2010,psavert,6.9,0.311258278
9/1/2010,psavert,6.7,0.298013245
10/1/2010,psavert,6.6,0.291390728
11/1/2010,psavert,6.6,0.291390728
12/1/2010,psavert,7.1,0.324503311
1/1/2011,psavert,7.4,0.344370861
2/1/2011,psavert,7.6,0.357615894
3/1/2011,psavert,7,0.317880795
4/1/2011,psavert,6.9,0.311258278
5/1/2011,psavert,6.9,0.311258278
6/1/2011,psavert,7.2,0.331125828
7/1/2011,psavert,7.3,0.337748344
8/1/2011,psavert,7.2,0.331125828
9/1/2011,psavert,6.8,0.304635762
10/1/2011,psavert,6.8,0.304635762
11/1/2011,psavert,7,0.317880795
12/1/2011,psavert,7.8,0.370860927
1/1/2012,psavert,8,0.38410596
2/1/2012,psavert,8,0.38410596
3/1/2012,psavert,8.5,0.417218543
4/1/2012,psavert,8.7,0.430463576
5/1/2012,psavert,8.8,0.437086093
6/1/2012,psavert,9.1,0.456953642
7/1/2012,psavert,8.2,0.397350993
8/1/2012,psavert,8,0.38410596
9/1/2012,psavert,8.2,0.397350993
10/1/2012,psavert,8.8,0.437086093
11/1/2012,psavert,9.7,0.496688742
12/1/2012,psavert,12,0.649006623
1/1/2013,psavert,6.3,0.271523179
2/1/2013,psavert,5.8,0.238410596
3/1/2013,psavert,5.9,0.245033113
4/1/2013,psavert,6.4,0.278145695
5/1/2013,psavert,6.7,0.298013245
6/1/2013,psavert,6.8,0.304635762
7/1/2013,psavert,6.6,0.291390728
8/1/2013,psavert,6.7,0.298013245
9/1/2013,psavert,6.8,0.304635762
10/1/2013,psavert,6.3,0.271523179
11/1/2013,psavert,6.2,0.264900662
12/1/2013,psavert,6.4,0.278145695
1/1/2014,psavert,7.1,0.324503311
2/1/2014,psavert,7.3,0.337748344
3/1/2014,psavert,7.4,0.344370861
4/1/2014,psavert,7.4,0.344370861
5/1/2014,psavert,7.4,0.344370861
6/1/2014,psavert,7.4,0.344370861
7/1/2014,psavert,7.5,0.350993377
8/1/2014,psavert,7.2,0.331125828
9/1/2014,psavert,7.4,0.344370861
10/1/2014,psavert,7.2,0.331125828
11/1/2014,psavert,7.3,0.337748344
12/1/2014,psavert,7.6,0.357615894
1/1/2015,psavert,7.7,0.364238411
2/1/2015,psavert,7.9,0.377483444
3/1/2015,psavert,7.4,0.344370861
4/1/2015,psavert,7.6,0.357615894
7/1/1967,uempmed,4.5,0.023584906
8/1/1967,uempmed,4.7,0.033018868
9/1/1967,uempmed,4.6,0.028301887
10/1/1967,uempmed,4.9,0.04245283
11/1/1967,uempmed,4.7,0.033018868
12/1/1967,uempmed,4.8,0.037735849
1/1/1968,uempmed,5.1,0.051886792
2/1/1968,uempmed,4.5,0.023584906
3/1/1968,uempmed,4.1,0.004716981
4/1/1968,uempmed,4.6,0.028301887
5/1/1968,uempmed,4.4,0.018867925
6/1/1968,uempmed,4.4,0.018867925
7/1/1968,uempmed,4.5,0.023584906
8/1/1968,uempmed,4.2,0.009433962
9/1/1968,uempmed,4.6,0.028301887
10/1/1968,uempmed,4.8,0.037735849
11/1/1968,uempmed,4.4,0.018867925
12/1/1968,uempmed,4.4,0.018867925
1/1/1969,uempmed,4.4,0.018867925
2/1/1969,uempmed,4.9,0.04245283
3/1/1969,uempmed,4,0
4/1/1969,uempmed,4,0
5/1/1969,uempmed,4.2,0.009433962
6/1/1969,uempmed,4.4,0.018867925
7/1/1969,uempmed,4.4,0.018867925
8/1/1969,uempmed,4.4,0.018867925
9/1/1969,uempmed,4.7,0.033018868
10/1/1969,uempmed,4.5,0.023584906
11/1/1969,uempmed,4.8,0.037735849
12/1/1969,uempmed,4.6,0.028301887
1/1/1970,uempmed,4.6,0.028301887
2/1/1970,uempmed,4.5,0.023584906
3/1/1970,uempmed,4.6,0.028301887
4/1/1970,uempmed,4.1,0.004716981
5/1/1970,uempmed,4.7,0.033018868
6/1/1970,uempmed,4.9,0.04245283
7/1/1970,uempmed,5.1,0.051886792
8/1/1970,uempmed,5.4,0.066037736
9/1/1970,uempmed,5.2,0.056603774
10/1/1970,uempmed,5.2,0.056603774
11/1/1970,uempmed,5.6,0.075471698
12/1/1970,uempmed,5.9,0.089622642
1/1/1971,uempmed,6.2,0.103773585
2/1/1971,uempmed,6.3,0.108490566
3/1/1971,uempmed,6.4,0.113207547
4/1/1971,uempmed,6.5,0.117924528
5/1/1971,uempmed,6.7,0.127358491
6/1/1971,uempmed,5.7,0.080188679
7/1/1971,uempmed,6.2,0.103773585
8/1/1971,uempmed,6.4,0.113207547
9/1/1971,uempmed,5.8,0.08490566
10/1/1971,uempmed,6.5,0.117924528
11/1/1971,uempmed,6.4,0.113207547
12/1/1971,uempmed,6.2,0.103773585
1/1/1972,uempmed,6.2,0.103773585
2/1/1972,uempmed,6.6,0.122641509
3/1/1972,uempmed,6.6,0.122641509
4/1/1972,uempmed,6.7,0.127358491
5/1/1972,uempmed,6.6,0.122641509
6/1/1972,uempmed,5.4,0.066037736
7/1/1972,uempmed,6.1,0.099056604
8/1/1972,uempmed,6,0.094339623
9/1/1972,uempmed,5.6,0.075471698
10/1/1972,uempmed,5.7,0.080188679
11/1/1972,uempmed,5.7,0.080188679
12/1/1972,uempmed,6.1,0.099056604
1/1/1973,uempmed,5.7,0.080188679
2/1/1973,uempmed,5.2,0.056603774
3/1/1973,uempmed,5.5,0.070754717
4/1/1973,uempmed,5,0.047169811
5/1/1973,uempmed,4.9,0.04245283
6/1/1973,uempmed,5,0.047169811
7/1/1973,uempmed,5.2,0.056603774
8/1/1973,uempmed,4.9,0.04245283
9/1/1973,uempmed,5.4,0.066037736
10/1/1973,uempmed,5.5,0.070754717
11/1/1973,uempmed,5.1,0.051886792
12/1/1973,uempmed,4.7,0.033018868
1/1/1974,uempmed,5,0.047169811
2/1/1974,uempmed,5.1,0.051886792
3/1/1974,uempmed,4.8,0.037735849
4/1/1974,uempmed,5,0.047169811
5/1/1974,uempmed,4.6,0.028301887
6/1/1974,uempmed,5.3,0.061320755
7/1/1974,uempmed,5.7,0.080188679
8/1/1974,uempmed,5,0.047169811
9/1/1974,uempmed,5.3,0.061320755
10/1/1974,uempmed,5.5,0.070754717
11/1/1974,uempmed,5.2,0.056603774
12/1/1974,uempmed,5.7,0.080188679
1/1/1975,uempmed,6.3,0.108490566
2/1/1975,uempmed,7.1,0.146226415
3/1/1975,uempmed,7.2,0.150943396
4/1/1975,uempmed,8.7,0.221698113
5/1/1975,uempmed,9.4,0.254716981
6/1/1975,uempmed,8.8,0.226415094
7/1/1975,uempmed,8.6,0.216981132
8/1/1975,uempmed,9.2,0.245283019
9/1/1975,uempmed,9.2,0.245283019
10/1/1975,uempmed,8.6,0.216981132
11/1/1975,uempmed,9.5,0.259433962
12/1/1975,uempmed,9,0.235849057
1/1/1976,uempmed,9,0.235849057
2/1/1976,uempmed,8.2,0.198113208
3/1/1976,uempmed,8.7,0.221698113
4/1/1976,uempmed,8.2,0.198113208
5/1/1976,uempmed,8.3,0.202830189
6/1/1976,uempmed,7.8,0.179245283
7/1/1976,uempmed,7.7,0.174528302
8/1/1976,uempmed,7.9,0.183962264
9/1/1976,uempmed,7.8,0.179245283
10/1/1976,uempmed,7.7,0.174528302
11/1/1976,uempmed,8.4,0.20754717
12/1/1976,uempmed,8,0.188679245
1/1/1977,uempmed,7.5,0.16509434
2/1/1977,uempmed,7.2,0.150943396
3/1/1977,uempmed,7.2,0.150943396
4/1/1977,uempmed,7.3,0.155660377
5/1/1977,uempmed,7.9,0.183962264
6/1/1977,uempmed,6.2,0.103773585
7/1/1977,uempmed,7.1,0.146226415
8/1/1977,uempmed,7,0.141509434
9/1/1977,uempmed,6.7,0.127358491
10/1/1977,uempmed,6.9,0.136792453
11/1/1977,uempmed,7,0.141509434
12/1/1977,uempmed,6.8,0.132075472
1/1/1978,uempmed,6.5,0.117924528
2/1/1978,uempmed,6.7,0.127358491
3/1/1978,uempmed,6.2,0.103773585
4/1/1978,uempmed,6.1,0.099056604
5/1/1978,uempmed,5.7,0.080188679
6/1/1978,uempmed,6,0.094339623
7/1/1978,uempmed,5.8,0.08490566
8/1/1978,uempmed,5.8,0.08490566
9/1/1978,uempmed,5.6,0.075471698
10/1/1978,uempmed,5.9,0.089622642
11/1/1978,uempmed,5.5,0.070754717
12/1/1978,uempmed,5.6,0.075471698
1/1/1979,uempmed,5.9,0.089622642
2/1/1979,uempmed,5.9,0.089622642
3/1/1979,uempmed,5.9,0.089622642
4/1/1979,uempmed,5.4,0.066037736
5/1/1979,uempmed,5.6,0.075471698
6/1/1979,uempmed,5.6,0.075471698
7/1/1979,uempmed,5.9,0.089622642
8/1/1979,uempmed,4.8,0.037735849
9/1/1979,uempmed,5.5,0.070754717
10/1/1979,uempmed,5.5,0.070754717
11/1/1979,uempmed,5.3,0.061320755
12/1/1979,uempmed,5.7,0.080188679
1/1/1980,uempmed,5.3,0.061320755
2/1/1980,uempmed,5.8,0.08490566
3/1/1980,uempmed,6,0.094339623
4/1/1980,uempmed,5.8,0.08490566
5/1/1980,uempmed,5.7,0.080188679
6/1/1980,uempmed,6.4,0.113207547
7/1/1980,uempmed,7,0.141509434
8/1/1980,uempmed,7.5,0.16509434
9/1/1980,uempmed,7.7,0.174528302
10/1/1980,uempmed,7.5,0.16509434
11/1/1980,uempmed,7.7,0.174528302
12/1/1980,uempmed,7.5,0.16509434
1/1/1981,uempmed,7.4,0.160377358
2/1/1981,uempmed,7.1,0.146226415
3/1/1981,uempmed,7.1,0.146226415
4/1/1981,uempmed,7.4,0.160377358
5/1/1981,uempmed,6.9,0.136792453
6/1/1981,uempmed,6.6,0.122641509
7/1/1981,uempmed,7.1,0.146226415
8/1/1981,uempmed,7.2,0.150943396
9/1/1981,uempmed,6.8,0.132075472
10/1/1981,uempmed,6.8,0.132075472
11/1/1981,uempmed,6.9,0.136792453
12/1/1981,uempmed,6.9,0.136792453
1/1/1982,uempmed,7.1,0.146226415
2/1/1982,uempmed,7.5,0.16509434
3/1/1982,uempmed,7.7,0.174528302
4/1/1982,uempmed,8.1,0.193396226
5/1/1982,uempmed,8.5,0.212264151
6/1/1982,uempmed,9.5,0.259433962
7/1/1982,uempmed,8.5,0.212264151
8/1/1982,uempmed,8.7,0.221698113
9/1/1982,uempmed,9.5,0.259433962
10/1/1982,uempmed,9.7,0.268867925
11/1/1982,uempmed,10,0.283018868
12/1/1982,uempmed,10.2,0.29245283
1/1/1983,uempmed,11.1,0.33490566
2/1/1983,uempmed,9.8,0.273584906
3/1/1983,uempmed,10.4,0.301886792
4/1/1983,uempmed,10.9,0.325471698
5/1/1983,uempmed,12.3,0.391509434
6/1/1983,uempmed,11.3,0.344339623
7/1/1983,uempmed,10.1,0.287735849
8/1/1983,uempmed,9.3,0.25
9/1/1983,uempmed,9.3,0.25
10/1/1983,uempmed,9.4,0.254716981
11/1/1983,uempmed,9.3,0.25
12/1/1983,uempmed,8.7,0.221698113
1/1/1984,uempmed,9.1,0.240566038
2/1/1984,uempmed,8.3,0.202830189
3/1/1984,uempmed,8.3,0.202830189
4/1/1984,uempmed,8.2,0.198113208
5/1/1984,uempmed,9.1,0.240566038
6/1/1984,uempmed,7.5,0.16509434
7/1/1984,uempmed,7.5,0.16509434
8/1/1984,uempmed,7.3,0.155660377
9/1/1984,uempmed,7.6,0.169811321
10/1/1984,uempmed,7.2,0.150943396
11/1/1984,uempmed,7.2,0.150943396
12/1/1984,uempmed,7.3,0.155660377
1/1/1985,uempmed,6.8,0.132075472
2/1/1985,uempmed,7.1,0.146226415
3/1/1985,uempmed,7.1,0.146226415
4/1/1985,uempmed,6.9,0.136792453
5/1/1985,uempmed,6.9,0.136792453
6/1/1985,uempmed,6.6,0.122641509
7/1/1985,uempmed,6.9,0.136792453
8/1/1985,uempmed,7.1,0.146226415
9/1/1985,uempmed,6.9,0.136792453
10/1/1985,uempmed,7.1,0.146226415
11/1/1985,uempmed,7,0.141509434
12/1/1985,uempmed,6.8,0.132075472
1/1/1986,uempmed,6.7,0.127358491
2/1/1986,uempmed,6.9,0.136792453
3/1/1986,uempmed,6.8,0.132075472
4/1/1986,uempmed,6.7,0.127358491
5/1/1986,uempmed,6.8,0.132075472
6/1/1986,uempmed,7,0.141509434
7/1/1986,uempmed,6.9,0.136792453
8/1/1986,uempmed,7.1,0.146226415
9/1/1986,uempmed,7.4,0.160377358
10/1/1986,uempmed,7,0.141509434
11/1/1986,uempmed,7.1,0.146226415
12/1/1986,uempmed,7.1,0.146226415
1/1/1987,uempmed,6.9,0.136792453
2/1/1987,uempmed,6.6,0.122641509
3/1/1987,uempmed,6.6,0.122641509
4/1/1987,uempmed,7.1,0.146226415
5/1/1987,uempmed,6.6,0.122641509
6/1/1987,uempmed,6.5,0.117924528
7/1/1987,uempmed,6.5,0.117924528
8/1/1987,uempmed,6.4,0.113207547
9/1/1987,uempmed,6,0.094339623
10/1/1987,uempmed,6.3,0.108490566
11/1/1987,uempmed,6.2,0.103773585
12/1/1987,uempmed,6,0.094339623
1/1/1988,uempmed,6.2,0.103773585
2/1/1988,uempmed,6.3,0.108490566
3/1/1988,uempmed,6.4,0.113207547
4/1/1988,uempmed,5.9,0.089622642
5/1/1988,uempmed,5.9,0.089622642
6/1/1988,uempmed,5.8,0.08490566
7/1/1988,uempmed,6.1,0.099056604
8/1/1988,uempmed,5.9,0.089622642
9/1/1988,uempmed,5.7,0.080188679
10/1/1988,uempmed,5.6,0.075471698
11/1/1988,uempmed,5.7,0.080188679
12/1/1988,uempmed,5.9,0.089622642
1/1/1989,uempmed,5.6,0.075471698
2/1/1989,uempmed,5.4,0.066037736
3/1/1989,uempmed,5.4,0.066037736
4/1/1989,uempmed,5.4,0.066037736
5/1/1989,uempmed,5.3,0.061320755
6/1/1989,uempmed,5.4,0.066037736
7/1/1989,uempmed,5.6,0.075471698
8/1/1989,uempmed,5,0.047169811
9/1/1989,uempmed,4.9,0.04245283
10/1/1989,uempmed,4.9,0.04245283
11/1/1989,uempmed,4.8,0.037735849
12/1/1989,uempmed,4.9,0.04245283
1/1/1990,uempmed,5.1,0.051886792
2/1/1990,uempmed,5.3,0.061320755
3/1/1990,uempmed,5.1,0.051886792
4/1/1990,uempmed,4.8,0.037735849
5/1/1990,uempmed,5.2,0.056603774
6/1/1990,uempmed,5.2,0.056603774
7/1/1990,uempmed,5.4,0.066037736
8/1/1990,uempmed,5.4,0.066037736
9/1/1990,uempmed,5.6,0.075471698
10/1/1990,uempmed,5.8,0.08490566
11/1/1990,uempmed,5.7,0.080188679
12/1/1990,uempmed,5.9,0.089622642
1/1/1991,uempmed,6,0.094339623
2/1/1991,uempmed,6.2,0.103773585
3/1/1991,uempmed,6.7,0.127358491
4/1/1991,uempmed,6.6,0.122641509
5/1/1991,uempmed,6.4,0.113207547
6/1/1991,uempmed,6.9,0.136792453
7/1/1991,uempmed,7,0.141509434
8/1/1991,uempmed,7.3,0.155660377
9/1/1991,uempmed,6.8,0.132075472
10/1/1991,uempmed,7.2,0.150943396
11/1/1991,uempmed,7.5,0.16509434
12/1/1991,uempmed,7.8,0.179245283
1/1/1992,uempmed,8.1,0.193396226
2/1/1992,uempmed,8.2,0.198113208
3/1/1992,uempmed,8.3,0.202830189
4/1/1992,uempmed,8.5,0.212264151
5/1/1992,uempmed,8.8,0.226415094
6/1/1992,uempmed,8.7,0.221698113
7/1/1992,uempmed,8.6,0.216981132
8/1/1992,uempmed,8.8,0.226415094
9/1/1992,uempmed,8.6,0.216981132
10/1/1992,uempmed,9,0.235849057
11/1/1992,uempmed,9,0.235849057
12/1/1992,uempmed,9.3,0.25
1/1/1993,uempmed,8.6,0.216981132
2/1/1993,uempmed,8.5,0.212264151
3/1/1993,uempmed,8.5,0.212264151
4/1/1993,uempmed,8.4,0.20754717
5/1/1993,uempmed,8.1,0.193396226
6/1/1993,uempmed,8.3,0.202830189
7/1/1993,uempmed,8.2,0.198113208
8/1/1993,uempmed,8.2,0.198113208
9/1/1993,uempmed,8.3,0.202830189
10/1/1993,uempmed,8,0.188679245
11/1/1993,uempmed,8.3,0.202830189
12/1/1993,uempmed,8.3,0.202830189
1/1/1994,uempmed,8.6,0.216981132
2/1/1994,uempmed,9.2,0.245283019
3/1/1994,uempmed,9.3,0.25
4/1/1994,uempmed,9.1,0.240566038
5/1/1994,uempmed,9.2,0.245283019
6/1/1994,uempmed,9.3,0.25
7/1/1994,uempmed,9,0.235849057
8/1/1994,uempmed,8.9,0.231132075
9/1/1994,uempmed,9.2,0.245283019
10/1/1994,uempmed,10,0.283018868
11/1/1994,uempmed,9,0.235849057
12/1/1994,uempmed,8.7,0.221698113
1/1/1995,uempmed,8,0.188679245
2/1/1995,uempmed,8.1,0.193396226
3/1/1995,uempmed,8.3,0.202830189
4/1/1995,uempmed,8.3,0.202830189
5/1/1995,uempmed,9.1,0.240566038
6/1/1995,uempmed,7.9,0.183962264
7/1/1995,uempmed,8.5,0.212264151
8/1/1995,uempmed,8.3,0.202830189
9/1/1995,uempmed,7.9,0.183962264
10/1/1995,uempmed,8.2,0.198113208
11/1/1995,uempmed,8,0.188679245
12/1/1995,uempmed,8.3,0.202830189
1/1/1996,uempmed,8.3,0.202830189
2/1/1996,uempmed,7.8,0.179245283
3/1/1996,uempmed,8.3,0.202830189
4/1/1996,uempmed,8.6,0.216981132
5/1/1996,uempmed,8.6,0.216981132
6/1/1996,uempmed,8.3,0.202830189
7/1/1996,uempmed,8.3,0.202830189
8/1/1996,uempmed,8.4,0.20754717
9/1/1996,uempmed,8.5,0.212264151
10/1/1996,uempmed,8.3,0.202830189
11/1/1996,uempmed,7.7,0.174528302
12/1/1996,uempmed,7.8,0.179245283
1/1/1997,uempmed,7.8,0.179245283
2/1/1997,uempmed,8.1,0.193396226
3/1/1997,uempmed,7.9,0.183962264
4/1/1997,uempmed,8.3,0.202830189
5/1/1997,uempmed,8,0.188679245
6/1/1997,uempmed,8,0.188679245
7/1/1997,uempmed,8.3,0.202830189
8/1/1997,uempmed,7.8,0.179245283
9/1/1997,uempmed,8.2,0.198113208
10/1/1997,uempmed,7.7,0.174528302
11/1/1997,uempmed,7.6,0.169811321
12/1/1997,uempmed,7.5,0.16509434
1/1/1998,uempmed,7.4,0.160377358
2/1/1998,uempmed,7,0.141509434
3/1/1998,uempmed,6.8,0.132075472
4/1/1998,uempmed,6.7,0.127358491
5/1/1998,uempmed,6,0.094339623
6/1/1998,uempmed,6.9,0.136792453
7/1/1998,uempmed,6.7,0.127358491
8/1/1998,uempmed,6.8,0.132075472
9/1/1998,uempmed,6.7,0.127358491
10/1/1998,uempmed,5.8,0.08490566
11/1/1998,uempmed,6.6,0.122641509
12/1/1998,uempmed,6.8,0.132075472
1/1/1999,uempmed,6.9,0.136792453
2/1/1999,uempmed,6.8,0.132075472
3/1/1999,uempmed,6.8,0.132075472
4/1/1999,uempmed,6.2,0.103773585
5/1/1999,uempmed,6.5,0.117924528
6/1/1999,uempmed,6.3,0.108490566
7/1/1999,uempmed,5.8,0.08490566
8/1/1999,uempmed,6.5,0.117924528
9/1/1999,uempmed,6,0.094339623
10/1/1999,uempmed,6.1,0.099056604
11/1/1999,uempmed,6.2,0.103773585
12/1/1999,uempmed,5.8,0.08490566
1/1/2000,uempmed,5.8,0.08490566
2/1/2000,uempmed,6.1,0.099056604
3/1/2000,uempmed,6,0.094339623
4/1/2000,uempmed,6.1,0.099056604
5/1/2000,uempmed,5.8,0.08490566
6/1/2000,uempmed,5.7,0.080188679
7/1/2000,uempmed,6,0.094339623
8/1/2000,uempmed,6.3,0.108490566
9/1/2000,uempmed,5.2,0.056603774
10/1/2000,uempmed,6.1,0.099056604
11/1/2000,uempmed,6.1,0.099056604
12/1/2000,uempmed,6,0.094339623
1/1/2001,uempmed,5.8,0.08490566
2/1/2001,uempmed,6.1,0.099056604
3/1/2001,uempmed,6.6,0.122641509
4/1/2001,uempmed,5.9,0.089622642
5/1/2001,uempmed,6.3,0.108490566
6/1/2001,uempmed,6,0.094339623
7/1/2001,uempmed,6.8,0.132075472
8/1/2001,uempmed,6.9,0.136792453
9/1/2001,uempmed,7.2,0.150943396
10/1/2001,uempmed,7.3,0.155660377
11/1/2001,uempmed,7.7,0.174528302
12/1/2001,uempmed,8.2,0.198113208
1/1/2002,uempmed,8.4,0.20754717
2/1/2002,uempmed,8.3,0.202830189
3/1/2002,uempmed,8.4,0.20754717
4/1/2002,uempmed,8.9,0.231132075
5/1/2002,uempmed,9.5,0.259433962
6/1/2002,uempmed,11,0.330188679
7/1/2002,uempmed,8.9,0.231132075
8/1/2002,uempmed,9,0.235849057
9/1/2002,uempmed,9.5,0.259433962
10/1/2002,uempmed,9.6,0.264150943
11/1/2002,uempmed,9.3,0.25
12/1/2002,uempmed,9.6,0.264150943
1/1/2003,uempmed,9.6,0.264150943
2/1/2003,uempmed,9.5,0.259433962
3/1/2003,uempmed,9.7,0.268867925
4/1/2003,uempmed,10.2,0.29245283
5/1/2003,uempmed,9.9,0.278301887
6/1/2003,uempmed,11.5,0.353773585
7/1/2003,uempmed,10.3,0.297169811
8/1/2003,uempmed,10.1,0.287735849
9/1/2003,uempmed,10.2,0.29245283
10/1/2003,uempmed,10.4,0.301886792
11/1/2003,uempmed,10.3,0.297169811
12/1/2003,uempmed,10.4,0.301886792
1/1/2004,uempmed,10.6,0.311320755
2/1/2004,uempmed,10.2,0.29245283
3/1/2004,uempmed,10.2,0.29245283
4/1/2004,uempmed,9.5,0.259433962
5/1/2004,uempmed,9.9,0.278301887
6/1/2004,uempmed,11,0.330188679
7/1/2004,uempmed,8.9,0.231132075
8/1/2004,uempmed,9.2,0.245283019
9/1/2004,uempmed,9.6,0.264150943
10/1/2004,uempmed,9.5,0.259433962
11/1/2004,uempmed,9.7,0.268867925
12/1/2004,uempmed,9.5,0.259433962
1/1/2005,uempmed,9.4,0.254716981
2/1/2005,uempmed,9.2,0.245283019
3/1/2005,uempmed,9.3,0.25
4/1/2005,uempmed,9,0.235849057
5/1/2005,uempmed,9.1,0.240566038
6/1/2005,uempmed,9,0.235849057
7/1/2005,uempmed,8.8,0.226415094
8/1/2005,uempmed,9.2,0.245283019
9/1/2005,uempmed,8.4,0.20754717
10/1/2005,uempmed,8.6,0.216981132
11/1/2005,uempmed,8.5,0.212264151
12/1/2005,uempmed,8.7,0.221698113
1/1/2006,uempmed,8.6,0.216981132
2/1/2006,uempmed,9.1,0.240566038
3/1/2006,uempmed,8.7,0.221698113
4/1/2006,uempmed,8.4,0.20754717
5/1/2006,uempmed,8.5,0.212264151
6/1/2006,uempmed,7.3,0.155660377
7/1/2006,uempmed,8,0.188679245
8/1/2006,uempmed,8.4,0.20754717
9/1/2006,uempmed,8,0.188679245
10/1/2006,uempmed,7.9,0.183962264
11/1/2006,uempmed,8.3,0.202830189
12/1/2006,uempmed,7.5,0.16509434
1/1/2007,uempmed,8.3,0.202830189
2/1/2007,uempmed,8.5,0.212264151
3/1/2007,uempmed,9.1,0.240566038
4/1/2007,uempmed,8.6,0.216981132
5/1/2007,uempmed,8.2,0.198113208
6/1/2007,uempmed,7.7,0.174528302
7/1/2007,uempmed,8.7,0.221698113
8/1/2007,uempmed,8.8,0.226415094
9/1/2007,uempmed,8.7,0.221698113
10/1/2007,uempmed,8.4,0.20754717
11/1/2007,uempmed,8.6,0.216981132
12/1/2007,uempmed,8.4,0.20754717
1/1/2008,uempmed,9,0.235849057
2/1/2008,uempmed,8.7,0.221698113
3/1/2008,uempmed,8.7,0.221698113
4/1/2008,uempmed,9.4,0.254716981
5/1/2008,uempmed,7.9,0.183962264
6/1/2008,uempmed,9,0.235849057
7/1/2008,uempmed,9.7,0.268867925
8/1/2008,uempmed,9.7,0.268867925
9/1/2008,uempmed,10.2,0.29245283
10/1/2008,uempmed,10.4,0.301886792
11/1/2008,uempmed,9.8,0.273584906
12/1/2008,uempmed,10.5,0.306603774
1/1/2009,uempmed,10.7,0.316037736
2/1/2009,uempmed,11.7,0.363207547
3/1/2009,uempmed,12.3,0.391509434
4/1/2009,uempmed,13.1,0.429245283
5/1/2009,uempmed,14.2,0.481132075
6/1/2009,uempmed,17.2,0.622641509
7/1/2009,uempmed,16,0.566037736
8/1/2009,uempmed,16.3,0.580188679
9/1/2009,uempmed,17.8,0.650943396
10/1/2009,uempmed,18.9,0.702830189
11/1/2009,uempmed,19.8,0.745283019
12/1/2009,uempmed,20.1,0.759433962
1/1/2010,uempmed,20,0.754716981
2/1/2010,uempmed,19.9,0.75
3/1/2010,uempmed,20.4,0.773584906
4/1/2010,uempmed,22.1,0.853773585
5/1/2010,uempmed,22.3,0.863207547
6/1/2010,uempmed,25.2,1
7/1/2010,uempmed,22.3,0.863207547
8/1/2010,uempmed,21,0.801886792
9/1/2010,uempmed,20.3,0.768867925
10/1/2010,uempmed,21.2,0.811320755
11/1/2010,uempmed,21,0.801886792
12/1/2010,uempmed,21.9,0.844339623
1/1/2011,uempmed,21.5,0.825471698
2/1/2011,uempmed,21.1,0.806603774
3/1/2011,uempmed,21.5,0.825471698
4/1/2011,uempmed,20.9,0.797169811
5/1/2011,uempmed,21.6,0.830188679
6/1/2011,uempmed,22.4,0.867924528
7/1/2011,uempmed,22,0.849056604
8/1/2011,uempmed,22.4,0.867924528
9/1/2011,uempmed,22,0.849056604
10/1/2011,uempmed,20.6,0.783018868
11/1/2011,uempmed,20.8,0.79245283
12/1/2011,uempmed,20.5,0.778301887
1/1/2012,uempmed,20.8,0.79245283
2/1/2012,uempmed,19.7,0.740566038
3/1/2012,uempmed,19.2,0.716981132
4/1/2012,uempmed,19.1,0.712264151
5/1/2012,uempmed,19.9,0.75
6/1/2012,uempmed,20.4,0.773584906
7/1/2012,uempmed,17.5,0.636792453
8/1/2012,uempmed,18.4,0.679245283
9/1/2012,uempmed,18.8,0.698113208
10/1/2012,uempmed,19.9,0.75
11/1/2012,uempmed,18.6,0.688679245
12/1/2012,uempmed,17.7,0.646226415
1/1/2013,uempmed,15.8,0.556603774
2/1/2013,uempmed,17.2,0.622641509
3/1/2013,uempmed,17.6,0.641509434
4/1/2013,uempmed,17.1,0.617924528
5/1/2013,uempmed,17.1,0.617924528
6/1/2013,uempmed,17,0.613207547
7/1/2013,uempmed,16.2,0.575471698
8/1/2013,uempmed,16.5,0.589622642
9/1/2013,uempmed,16.5,0.589622642
10/1/2013,uempmed,16.3,0.580188679
11/1/2013,uempmed,17.1,0.617924528
12/1/2013,uempmed,17.3,0.627358491
1/1/2014,uempmed,15.4,0.537735849
2/1/2014,uempmed,15.9,0.561320755
3/1/2014,uempmed,15.8,0.556603774
4/1/2014,uempmed,15.7,0.551886792
5/1/2014,uempmed,14.6,0.5
6/1/2014,uempmed,13.8,0.462264151
7/1/2014,uempmed,13.1,0.429245283
8/1/2014,uempmed,12.9,0.419811321
9/1/2014,uempmed,13.4,0.443396226
10/1/2014,uempmed,13.6,0.452830189
11/1/2014,uempmed,13,0.424528302
12/1/2014,uempmed,12.9,0.419811321
1/1/2015,uempmed,13.2,0.433962264
2/1/2015,uempmed,12.9,0.419811321
3/1/2015,uempmed,12,0.377358491
4/1/2015,uempmed,11.5,0.353773585
7/1/1967,unemploy,2944,0.02044683
8/1/1967,unemploy,2945,0.020525776
9/1/1967,unemploy,2958,0.021552064
10/1/1967,unemploy,3143,0.036156943
11/1/1967,unemploy,3066,0.030078156
12/1/1967,unemploy,3018,0.026288782
1/1/1968,unemploy,2878,0.015236441
2/1/1968,unemploy,3001,0.024946712
3/1/1968,unemploy,2877,0.015157496
4/1/1968,unemploy,2709,0.001894687
5/1/1968,unemploy,2740,0.004341991
6/1/1968,unemploy,2938,0.019973159
7/1/1968,unemploy,2883,0.015631168
8/1/1968,unemploy,2768,0.006552459
9/1/1968,unemploy,2686,7.89E-05
10/1/1968,unemploy,2689,0.000315781
11/1/1968,unemploy,2715,0.002368359
12/1/1968,unemploy,2685,0
1/1/1969,unemploy,2718,0.002605195
2/1/1969,unemploy,2692,0.000552617
3/1/1969,unemploy,2712,0.002131523
4/1/1969,unemploy,2758,0.005763006
5/1/1969,unemploy,2713,0.002210468
6/1/1969,unemploy,2816,0.010341833
7/1/1969,unemploy,2868,0.014446988
8/1/1969,unemploy,2856,0.013499645
9/1/1969,unemploy,3040,0.028025578
10/1/1969,unemploy,3049,0.028736086
11/1/1969,unemploy,2856,0.013499645
12/1/1969,unemploy,2884,0.015710113
1/1/1970,unemploy,3201,0.04073577
2/1/1970,unemploy,3453,0.060629983
3/1/1970,unemploy,3635,0.074998026
4/1/1970,unemploy,3797,0.087787163
5/1/1970,unemploy,3919,0.097418489
6/1/1970,unemploy,4071,0.109418173
7/1/1970,unemploy,4175,0.117628483
8/1/1970,unemploy,4256,0.124023052
9/1/1970,unemploy,4456,0.13981211
10/1/1970,unemploy,4591,0.150469724
11/1/1970,unemploy,4898,0.174705929
12/1/1970,unemploy,5076,0.188758191
1/1/1971,unemploy,4986,0.181653114
2/1/1971,unemploy,4903,0.175100655
3/1/1971,unemploy,4987,0.18173206
4/1/1971,unemploy,4959,0.179521592
5/1/1971,unemploy,4996,0.182442567
6/1/1971,unemploy,4949,0.178732139
7/1/1971,unemploy,5035,0.185521434
8/1/1971,unemploy,5134,0.193337017
9/1/1971,unemploy,5042,0.186074051
10/1/1971,unemploy,4954,0.179126865
11/1/1971,unemploy,5161,0.19546854
12/1/1971,unemploy,5154,0.194915923
1/1/1972,unemploy,5019,0.184258309
2/1/1972,unemploy,4928,0.177074288
3/1/1972,unemploy,5038,0.18575827
4/1/1972,unemploy,4959,0.179521592
5/1/1972,unemploy,4922,0.176600616
6/1/1972,unemploy,4923,0.176679561
7/1/1972,unemploy,4913,0.175890108
8/1/1972,unemploy,4939,0.177942686
9/1/1972,unemploy,4849,0.17083761
10/1/1972,unemploy,4875,0.172890187
11/1/1972,unemploy,4602,0.151338123
12/1/1972,unemploy,4543,0.146680351
1/1/1973,unemploy,4326,0.129549222
2/1/1973,unemploy,4452,0.139496329
3/1/1973,unemploy,4394,0.134917502
4/1/1973,unemploy,4459,0.140048946
5/1/1973,unemploy,4329,0.129786058
6/1/1973,unemploy,4363,0.132470198
7/1/1973,unemploy,4305,0.127891371
8/1/1973,unemploy,4305,0.127891371
9/1/1973,unemploy,4350,0.131443909
10/1/1973,unemploy,4144,0.115181179
11/1/1973,unemploy,4396,0.135075393
12/1/1973,unemploy,4489,0.142417305
1/1/1974,unemploy,4644,0.154653825
2/1/1974,unemploy,4731,0.161522065
3/1/1974,unemploy,4634,0.153864372
4/1/1974,unemploy,4618,0.152601247
5/1/1974,unemploy,4705,0.159469488
6/1/1974,unemploy,4927,0.176995342
7/1/1974,unemploy,5063,0.187731902
8/1/1974,unemploy,5022,0.184495145
9/1/1974,unemploy,5437,0.217257441
10/1/1974,unemploy,5523,0.224046736
11/1/1974,unemploy,6140,0.27275598
12/1/1974,unemploy,6636,0.311912844
1/1/1975,unemploy,7501,0.380200521
2/1/1975,unemploy,7520,0.381700482
3/1/1975,unemploy,7978,0.417857425
4/1/1975,unemploy,8210,0.436172732
5/1/1975,unemploy,8433,0.453777532
6/1/1975,unemploy,8220,0.436962185
7/1/1975,unemploy,8127,0.429620273
8/1/1975,unemploy,7928,0.41391016
9/1/1975,unemploy,7923,0.413515434
10/1/1975,unemploy,7897,0.411462856
11/1/1975,unemploy,7794,0.403331491
12/1/1975,unemploy,7744,0.399384227
1/1/1976,unemploy,7534,0.382805716
2/1/1976,unemploy,7326,0.366385095
3/1/1976,unemploy,7230,0.358806347
4/1/1976,unemploy,7330,0.366700876
5/1/1976,unemploy,7053,0.344833031
6/1/1976,unemploy,7322,0.366069314
7/1/1976,unemploy,7490,0.379332123
8/1/1976,unemploy,7518,0.381542591
9/1/1976,unemploy,7380,0.370648141
10/1/1976,unemploy,7430,0.374595405
11/1/1976,unemploy,7620,0.389595011
12/1/1976,unemploy,7545,0.383674114
1/1/1977,unemploy,7280,0.362753612
2/1/1977,unemploy,7443,0.375621694
3/1/1977,unemploy,7307,0.364885135
4/1/1977,unemploy,7059,0.345306702
5/1/1977,unemploy,6911,0.333622799
6/1/1977,unemploy,7134,0.351227599
7/1/1977,unemploy,6829,0.327149286
8/1/1977,unemploy,6925,0.334728033
9/1/1977,unemploy,6751,0.320991553
10/1/1977,unemploy,6763,0.321938896
11/1/1977,unemploy,6815,0.326044051
12/1/1977,unemploy,6386,0.292176522
1/1/1978,unemploy,6489,0.300307887
2/1/1978,unemploy,6318,0.286808242
3/1/1978,unemploy,6337,0.288308202
4/1/1978,unemploy,6180,0.275913792
5/1/1978,unemploy,6127,0.271729691
6/1/1978,unemploy,6028,0.263914108
7/1/1978,unemploy,6309,0.286097734
8/1/1978,unemploy,6080,0.268019263
9/1/1978,unemploy,6125,0.271571801
10/1/1978,unemploy,5947,0.257519539
11/1/1978,unemploy,6077,0.267782427
12/1/1978,unemploy,6228,0.279703166
1/1/1979,unemploy,6109,0.270308676
2/1/1979,unemploy,6173,0.275361175
3/1/1979,unemploy,6109,0.270308676
4/1/1979,unemploy,6069,0.267150864
5/1/1979,unemploy,5840,0.249072393
6/1/1979,unemploy,5959,0.258466882
7/1/1979,unemploy,5996,0.261387858
8/1/1979,unemploy,6320,0.286966132
9/1/1979,unemploy,6190,0.276703245
10/1/1979,unemploy,6296,0.285071445
11/1/1979,unemploy,6238,0.280492619
12/1/1979,unemploy,6325,0.287360859
1/1/1980,unemploy,6683,0.315623273
2/1/1980,unemploy,6702,0.317123234
3/1/1980,unemploy,6729,0.319254756
4/1/1980,unemploy,7358,0.368911344
5/1/1980,unemploy,7984,0.418331097
6/1/1980,unemploy,8098,0.42733086
7/1/1980,unemploy,8363,0.448251362
8/1/1980,unemploy,8281,0.441777848
9/1/1980,unemploy,8021,0.421252072
10/1/1980,unemploy,8088,0.426541407
11/1/1980,unemploy,8023,0.421409963
12/1/1980,unemploy,7718,0.397331649
1/1/1981,unemploy,8071,0.425199337
2/1/1981,unemploy,8051,0.423620431
3/1/1981,unemploy,7982,0.418173206
4/1/1981,unemploy,7869,0.409252388
5/1/1981,unemploy,8174,0.433330702
6/1/1981,unemploy,8098,0.42733086
7/1/1981,unemploy,7863,0.408778716
8/1/1981,unemploy,8036,0.422436252
9/1/1981,unemploy,8230,0.437751638
10/1/1981,unemploy,8646,0.470592879
11/1/1981,unemploy,9029,0.500828926
12/1/1981,unemploy,9267,0.519617905
1/1/1982,unemploy,9397,0.529880793
2/1/1982,unemploy,9705,0.554195942
3/1/1982,unemploy,9895,0.569195547
4/1/1982,unemploy,10244,0.596747454
5/1/1982,unemploy,10335,0.603931475
6/1/1982,unemploy,10538,0.61995737
7/1/1982,unemploy,10849,0.644509355
8/1/1982,unemploy,10881,0.647035604
9/1/1982,unemploy,11217,0.673561222
10/1/1982,unemploy,11529,0.698192153
11/1/1982,unemploy,11938,0.730480777
12/1/1982,unemploy,12051,0.739401595
1/1/1983,unemploy,11534,0.698586879
2/1/1983,unemploy,11545,0.699455277
3/1/1983,unemploy,11408,0.688639773
4/1/1983,unemploy,11268,0.677587432
5/1/1983,unemploy,11154,0.668587669
6/1/1983,unemploy,11246,0.675850636
7/1/1983,unemploy,10548,0.620746822
8/1/1983,unemploy,10623,0.626667719
9/1/1983,unemploy,10282,0.599747375
10/1/1983,unemploy,9887,0.568563985
11/1/1983,unemploy,9499,0.537933212
12/1/1983,unemploy,9331,0.524670403
1/1/1984,unemploy,9008,0.499171074
2/1/1984,unemploy,8791,0.482039946
3/1/1984,unemploy,8746,0.478487408
4/1/1984,unemploy,8762,0.479750533
5/1/1984,unemploy,8456,0.455593274
6/1/1984,unemploy,8226,0.437435857
7/1/1984,unemploy,8537,0.461987842
8/1/1984,unemploy,8519,0.460566827
9/1/1984,unemploy,8367,0.448567143
10/1/1984,unemploy,8381,0.449672377
11/1/1984,unemploy,8198,0.435225389
12/1/1984,unemploy,8358,0.447856635
1/1/1985,unemploy,8423,0.452988079
2/1/1985,unemploy,8321,0.44493566
3/1/1985,unemploy,8339,0.446356675
4/1/1985,unemploy,8395,0.450777611
5/1/1985,unemploy,8302,0.443435699
6/1/1985,unemploy,8460,0.455909055
7/1/1985,unemploy,8513,0.460093155
8/1/1985,unemploy,8196,0.435067498
9/1/1985,unemploy,8248,0.439172653
10/1/1985,unemploy,8298,0.443119918
11/1/1985,unemploy,8128,0.429699218
12/1/1985,unemploy,8138,0.430488671
1/1/1986,unemploy,7795,0.403410437
2/1/1986,unemploy,8402,0.451330228
3/1/1986,unemploy,8383,0.449830268
4/1/1986,unemploy,8364,0.448330307
5/1/1986,unemploy,8439,0.454251204
6/1/1986,unemploy,8508,0.459698429
7/1/1986,unemploy,8319,0.444777769
8/1/1986,unemploy,8135,0.430251835
9/1/1986,unemploy,8310,0.444067261
10/1/1986,unemploy,8243,0.438777927
11/1/1986,unemploy,8159,0.432146522
12/1/1986,unemploy,7883,0.410357622
1/1/1987,unemploy,7892,0.41106813
2/1/1987,unemploy,7865,0.408936607
3/1/1987,unemploy,7862,0.408699771
4/1/1987,unemploy,7542,0.383437278
5/1/1987,unemploy,7574,0.385963527
6/1/1987,unemploy,7398,0.372069156
7/1/1987,unemploy,7268,0.361806268
8/1/1987,unemploy,7261,0.361253651
9/1/1987,unemploy,7102,0.34870135
10/1/1987,unemploy,7227,0.358569511
11/1/1987,unemploy,7035,0.343412015
12/1/1987,unemploy,6936,0.335596432
1/1/1988,unemploy,6953,0.336938502
2/1/1988,unemploy,6929,0.335043815
3/1/1988,unemploy,6876,0.330859714
4/1/1988,unemploy,6601,0.309149759
5/1/1988,unemploy,6779,0.323202021
6/1/1988,unemploy,6546,0.304807768
7/1/1988,unemploy,6605,0.30946554
8/1/1988,unemploy,6843,0.32825452
9/1/1988,unemploy,6604,0.309386595
10/1/1988,unemploy,6568,0.306544565
11/1/1988,unemploy,6537,0.304097261
12/1/1988,unemploy,6518,0.3025973
1/1/1989,unemploy,6682,0.315544328
2/1/1989,unemploy,6359,0.290044999
3/1/1989,unemploy,6205,0.277887424
4/1/1989,unemploy,6468,0.298650036
5/1/1989,unemploy,6375,0.291308123
6/1/1989,unemploy,6577,0.307255072
7/1/1989,unemploy,6495,0.300781558
8/1/1989,unemploy,6511,0.302044683
9/1/1989,unemploy,6590,0.308281361
10/1/1989,unemploy,6630,0.311439173
11/1/1989,unemploy,6725,0.318938975
12/1/1989,unemploy,6667,0.314360148
1/1/1990,unemploy,6752,0.321070498
2/1/1990,unemploy,6651,0.313097024
3/1/1990,unemploy,6598,0.308912923
4/1/1990,unemploy,6797,0.324623036
5/1/1990,unemploy,6742,0.320281045
6/1/1990,unemploy,6590,0.308281361
7/1/1990,unemploy,6922,0.334491198
8/1/1990,unemploy,7188,0.355490645
9/1/1990,unemploy,7368,0.369700797
10/1/1990,unemploy,7459,0.376884819
11/1/1990,unemploy,7764,0.400963133
12/1/1990,unemploy,7901,0.411778637
1/1/1991,unemploy,8015,0.420778401
2/1/1991,unemploy,8265,0.440514723
3/1/1991,unemploy,8586,0.465856162
4/1/1991,unemploy,8439,0.454251204
5/1/1991,unemploy,8736,0.477697955
6/1/1991,unemploy,8692,0.474224363
7/1/1991,unemploy,8586,0.465856162
8/1/1991,unemploy,8666,0.472171785
9/1/1991,unemploy,8722,0.476592721
10/1/1991,unemploy,8842,0.486066156
11/1/1991,unemploy,8931,0.493092287
12/1/1991,unemploy,9198,0.51417068
1/1/1992,unemploy,9283,0.520881029
2/1/1992,unemploy,9454,0.534380674
3/1/1992,unemploy,9460,0.534854346
4/1/1992,unemploy,9415,0.531301808
5/1/1992,unemploy,9744,0.557274809
6/1/1992,unemploy,10040,0.580642615
7/1/1992,unemploy,9850,0.565643009
8/1/1992,unemploy,9787,0.560669456
9/1/1992,unemploy,9781,0.560195784
10/1/1992,unemploy,9398,0.529959738
11/1/1992,unemploy,9565,0.543143601
12/1/1992,unemploy,9557,0.542512039
1/1/1993,unemploy,9325,0.524196732
2/1/1993,unemploy,9183,0.5129865
3/1/1993,unemploy,9056,0.502960448
4/1/1993,unemploy,9110,0.507223494
5/1/1993,unemploy,9149,0.51030236
6/1/1993,unemploy,9121,0.508091892
7/1/1993,unemploy,8930,0.493013342
8/1/1993,unemploy,8763,0.479829478
9/1/1993,unemploy,8714,0.475961159
10/1/1993,unemploy,8750,0.478803189
11/1/1993,unemploy,8542,0.462382569
12/1/1993,unemploy,8477,0.457251125
1/1/1994,unemploy,8630,0.469329754
2/1/1994,unemploy,8583,0.465619326
3/1/1994,unemploy,8470,0.456698508
4/1/1994,unemploy,8331,0.445725112
5/1/1994,unemploy,7915,0.412883871
6/1/1994,unemploy,7927,0.413831215
7/1/1994,unemploy,7946,0.415331175
8/1/1994,unemploy,7933,0.414304887
9/1/1994,unemploy,7734,0.398594774
10/1/1994,unemploy,7632,0.390542354
11/1/1994,unemploy,7375,0.370253414
12/1/1994,unemploy,7230,0.358806347
1/1/1995,unemploy,7375,0.370253414
2/1/1995,unemploy,7187,0.3554117
3/1/1995,unemploy,7153,0.35272756
4/1/1995,unemploy,7645,0.391568643
5/1/1995,unemploy,7430,0.374595405
6/1/1995,unemploy,7427,0.37435857
7/1/1995,unemploy,7527,0.382253099
8/1/1995,unemploy,7484,0.378858451
9/1/1995,unemploy,7478,0.378384779
10/1/1995,unemploy,7328,0.366542986
11/1/1995,unemploy,7426,0.374279624
12/1/1995,unemploy,7423,0.374042788
1/1/1996,unemploy,7491,0.379411068
2/1/1996,unemploy,7313,0.365358806
3/1/1996,unemploy,7318,0.365753533
4/1/1996,unemploy,7415,0.373411226
5/1/1996,unemploy,7423,0.374042788
6/1/1996,unemploy,7095,0.348148733
7/1/1996,unemploy,7337,0.367253493
8/1/1996,unemploy,6882,0.331333386
9/1/1996,unemploy,6979,0.338991079
10/1/1996,unemploy,7031,0.343096234
11/1/1996,unemploy,7236,0.359280019
12/1/1996,unemploy,7253,0.360622089
1/1/1997,unemploy,7158,0.353122286
2/1/1997,unemploy,7102,0.34870135
3/1/1997,unemploy,7000,0.34064893
4/1/1997,unemploy,6873,0.330622878
5/1/1997,unemploy,6655,0.313412805
6/1/1997,unemploy,6799,0.324780927
7/1/1997,unemploy,6655,0.313412805
8/1/1997,unemploy,6608,0.309702376
9/1/1997,unemploy,6656,0.31349175
10/1/1997,unemploy,6454,0.297544801
11/1/1997,unemploy,6308,0.286018789
12/1/1997,unemploy,6476,0.299281598
1/1/1998,unemploy,6368,0.290755506
2/1/1998,unemploy,6306,0.285860898
3/1/1998,unemploy,6422,0.295018552
4/1/1998,unemploy,5941,0.257045867
5/1/1998,unemploy,6047,0.265414068
6/1/1998,unemploy,6212,0.278440041
7/1/1998,unemploy,6259,0.28215047
8/1/1998,unemploy,6179,0.275834846
9/1/1998,unemploy,6300,0.285387227
10/1/1998,unemploy,6280,0.283808321
11/1/1998,unemploy,6100,0.269598168
12/1/1998,unemploy,6032,0.264229889
1/1/1999,unemploy,5976,0.259808952
2/1/1999,unemploy,6111,0.270466567
3/1/1999,unemploy,5783,0.244572511
4/1/1999,unemploy,6004,0.262019421
5/1/1999,unemploy,5796,0.2455988
6/1/1999,unemploy,5951,0.25783532
7/1/1999,unemploy,6025,0.263677272
8/1/1999,unemploy,5838,0.248914502
9/1/1999,unemploy,5915,0.25499329
10/1/1999,unemploy,5778,0.244177785
11/1/1999,unemploy,5716,0.239283177
12/1/1999,unemploy,5653,0.234309623
1/1/2000,unemploy,5708,0.238651614
2/1/2000,unemploy,5858,0.250493408
3/1/2000,unemploy,5733,0.240625247
4/1/2000,unemploy,5481,0.220731033
5/1/2000,unemploy,5758,0.242598879
6/1/2000,unemploy,5651,0.234151733
7/1/2000,unemploy,5747,0.241730481
8/1/2000,unemploy,5853,0.250098682
9/1/2000,unemploy,5625,0.232099155
10/1/2000,unemploy,5534,0.224915134
11/1/2000,unemploy,5639,0.233204389
12/1/2000,unemploy,5634,0.232809663
1/1/2001,unemploy,6023,0.263519381
2/1/2001,unemploy,6089,0.26872977
3/1/2001,unemploy,6141,0.272834925
4/1/2001,unemploy,6271,0.283097813
5/1/2001,unemploy,6226,0.279545275
6/1/2001,unemploy,6484,0.29991316
7/1/2001,unemploy,6583,0.307728744
8/1/2001,unemploy,7042,0.343964633
9/1/2001,unemploy,7142,0.351859162
10/1/2001,unemploy,7694,0.395436962
11/1/2001,unemploy,8003,0.419831057
12/1/2001,unemploy,8258,0.439962106
1/1/2002,unemploy,8182,0.433962264
2/1/2002,unemploy,8215,0.436567459
3/1/2002,unemploy,8304,0.44359359
4/1/2002,unemploy,8599,0.46688245
5/1/2002,unemploy,8399,0.451093392
6/1/2002,unemploy,8393,0.450619721
7/1/2002,unemploy,8390,0.450382885
8/1/2002,unemploy,8304,0.44359359
9/1/2002,unemploy,8251,0.439409489
10/1/2002,unemploy,8307,0.443830426
11/1/2002,unemploy,8520,0.460645772
12/1/2002,unemploy,8640,0.470119207
1/1/2003,unemploy,8520,0.460645772
2/1/2003,unemploy,8618,0.468382411
3/1/2003,unemploy,8588,0.466014052
4/1/2003,unemploy,8842,0.486066156
5/1/2003,unemploy,8957,0.495144865
6/1/2003,unemploy,9266,0.51953896
7/1/2003,unemploy,9011,0.49940791
8/1/2003,unemploy,8896,0.490329202
9/1/2003,unemploy,8921,0.492302834
10/1/2003,unemploy,8732,0.477382174
11/1/2003,unemploy,8576,0.465066709
12/1/2003,unemploy,8317,0.444619878
1/1/2004,unemploy,8370,0.448803979
2/1/2004,unemploy,8167,0.432778085
3/1/2004,unemploy,8491,0.458356359
4/1/2004,unemploy,8170,0.433014921
5/1/2004,unemploy,8212,0.436330623
6/1/2004,unemploy,8286,0.442172574
7/1/2004,unemploy,8136,0.430330781
8/1/2004,unemploy,7990,0.418804768
9/1/2004,unemploy,7927,0.413831215
10/1/2004,unemploy,8061,0.424409884
11/1/2004,unemploy,7932,0.414225941
12/1/2004,unemploy,7934,0.414383832
1/1/2005,unemploy,7784,0.402542038
2/1/2005,unemploy,7980,0.418015315
3/1/2005,unemploy,7737,0.39883161
4/1/2005,unemploy,7672,0.393700166
5/1/2005,unemploy,7651,0.392042315
6/1/2005,unemploy,7524,0.382016263
7/1/2005,unemploy,7406,0.372700718
8/1/2005,unemploy,7345,0.367885056
9/1/2005,unemploy,7553,0.384305676
10/1/2005,unemploy,7453,0.376411147
11/1/2005,unemploy,7566,0.385331965
12/1/2005,unemploy,7279,0.362674666
1/1/2006,unemploy,7064,0.345701429
2/1/2006,unemploy,7184,0.355174864
3/1/2006,unemploy,7072,0.346332991
4/1/2006,unemploy,7120,0.350122365
5/1/2006,unemploy,6980,0.339070024
6/1/2006,unemploy,7001,0.340727876
7/1/2006,unemploy,7175,0.354464356
8/1/2006,unemploy,7091,0.347832952
9/1/2006,unemploy,6847,0.328570301
10/1/2006,unemploy,6727,0.319096866
11/1/2006,unemploy,6872,0.330543933
12/1/2006,unemploy,6762,0.321859951
1/1/2007,unemploy,7116,0.349806584
2/1/2007,unemploy,6927,0.334885924
3/1/2007,unemploy,6731,0.319412647
4/1/2007,unemploy,6850,0.328807137
5/1/2007,unemploy,6766,0.322175732
6/1/2007,unemploy,6979,0.338991079
7/1/2007,unemploy,7149,0.352411779
8/1/2007,unemploy,7067,0.345938265
9/1/2007,unemploy,7170,0.35406963
10/1/2007,unemploy,7237,0.359358964
11/1/2007,unemploy,7240,0.3595958
12/1/2007,unemploy,7645,0.391568643
1/1/2008,unemploy,7685,0.394726455
2/1/2008,unemploy,7497,0.37988474
3/1/2008,unemploy,7822,0.405541959
4/1/2008,unemploy,7637,0.390937081
5/1/2008,unemploy,8395,0.450777611
6/1/2008,unemploy,8575,0.464987763
7/1/2008,unemploy,8937,0.493565959
8/1/2008,unemploy,9438,0.53311755
9/1/2008,unemploy,9494,0.537538486
10/1/2008,unemploy,10074,0.583326755
11/1/2008,unemploy,10538,0.61995737
12/1/2008,unemploy,11286,0.679008447
1/1/2009,unemploy,12058,0.739954212
2/1/2009,unemploy,12898,0.806268256
3/1/2009,unemploy,13426,0.84795137
4/1/2009,unemploy,13853,0.881661009
5/1/2009,unemploy,14499,0.932659667
6/1/2009,unemploy,14707,0.949080287
7/1/2009,unemploy,14601,0.940712087
8/1/2009,unemploy,14814,0.957527433
9/1/2009,unemploy,15009,0.972921765
10/1/2009,unemploy,15352,1
11/1/2009,unemploy,15219,0.989500276
12/1/2009,unemploy,15098,0.979947896
1/1/2010,unemploy,15046,0.975842741
2/1/2010,unemploy,15113,0.981132075
3/1/2010,unemploy,15202,0.988158206
4/1/2010,unemploy,15325,0.997868477
5/1/2010,unemploy,14849,0.960290519
6/1/2010,unemploy,14474,0.930686035
7/1/2010,unemploy,14512,0.933685956
8/1/2010,unemploy,14648,0.944422515
9/1/2010,unemploy,14579,0.93897529
10/1/2010,unemploy,14516,0.934001737
11/1/2010,unemploy,15081,0.978605826
12/1/2010,unemploy,14348,0.920738928
1/1/2011,unemploy,14013,0.894292255
2/1/2011,unemploy,13820,0.879055814
3/1/2011,unemploy,13737,0.872503355
4/1/2011,unemploy,13957,0.889871319
5/1/2011,unemploy,13855,0.8818189
6/1/2011,unemploy,13962,0.890266046
7/1/2011,unemploy,13763,0.874555933
8/1/2011,unemploy,13818,0.878897924
9/1/2011,unemploy,13948,0.889160812
10/1/2011,unemploy,13594,0.861214179
11/1/2011,unemploy,13302,0.838162154
12/1/2011,unemploy,13093,0.821662588
1/1/2012,unemploy,12797,0.798294782
2/1/2012,unemploy,12813,0.799557906
3/1/2012,unemploy,12713,0.791663377
4/1/2012,unemploy,12646,0.786374043
5/1/2012,unemploy,12660,0.787479277
6/1/2012,unemploy,12692,0.790005526
7/1/2012,unemploy,12656,0.787163496
8/1/2012,unemploy,12471,0.772558617
9/1/2012,unemploy,12115,0.744454093
10/1/2012,unemploy,12124,0.745164601
11/1/2012,unemploy,12005,0.735770111
12/1/2012,unemploy,12298,0.758901082
1/1/2013,unemploy,12471,0.772558617
2/1/2013,unemploy,11950,0.73142812
3/1/2013,unemploy,11689,0.710823399
4/1/2013,unemploy,11760,0.716428515
5/1/2013,unemploy,11654,0.708060314
6/1/2013,unemploy,11751,0.715718007
7/1/2013,unemploy,11335,0.682876766
8/1/2013,unemploy,11279,0.67845583
9/1/2013,unemploy,11270,0.677745322
10/1/2013,unemploy,11136,0.667166654
11/1/2013,unemploy,10787,0.639614747
12/1/2013,unemploy,10404,0.609378701
1/1/2014,unemploy,10202,0.593431752
2/1/2014,unemploy,10349,0.60503671
3/1/2014,unemploy,10380,0.607484014
4/1/2014,unemploy,9702,0.553959106
5/1/2014,unemploy,9859,0.566353517
6/1/2014,unemploy,9460,0.534854346
7/1/2014,unemploy,9608,0.546538249
8/1/2014,unemploy,9599,0.545827741
9/1/2014,unemploy,9262,0.519223178
10/1/2014,unemploy,8990,0.497750059
11/1/2014,unemploy,9090,0.505644588
12/1/2014,unemploy,8717,0.476197995
1/1/2015,unemploy,8903,0.490881819
2/1/2015,unemploy,8610,0.467750849
3/1/2015,unemploy,8504,0.459382648
4/1/2015,unemploy,8526,0.461119444
